mls_listing_number,main_photo,photo
SF977330,True,mfh_-1zTWWTqEtA.jpg
SF977330,False,bath_04R9dPTBYhw.jpg
SF977330,False,kit_-Vfa35ueUCo.jpg
SF970720,True,ths_-VmDNbwUKMA.jpg
SF970720,False,bath_1ABOGxHWrT8.jpg
SF970720,False,kit_1by_GbwEMwc.jpg
SF940064,True,condo_-Vfa35ueUCo.jpg
SF940064,False,bath_20HYgfVmSbA.jpg
SF940064,False,kit_2G1peeUqNjE.jpg
SF133958,True,sfh_-1zTWWTqEtA.jpg
SF133958,False,bath_2X9H1lD_k2Q.jpg
SF133958,False,kit_2M3QePaxX6E.jpg
SF668507,True,condo_0tVimluL_ls.jpg
SF668507,False,bath_2cCeopgMcwc.jpg
SF668507,False,kit_2ocL2PmZ-vA.jpg
SF971776,True,condo_1vMz2_MclrM.jpg
SF971776,False,bath_3uvhNMx_mOI.jpg
SF971776,False,kit_3JdubjN5xTI.jpg
SF525818,True,sfh_-Vu2dBIVaSk.jpg
SF525818,False,bath_4bEhgiqWjek.jpg
SF525818,False,kit_3gMTVySU4rs.jpg
SF589491,True,sfh_0PPtQ8nWYHQ.jpg
SF589491,False,bath_59YYIR-20xs.jpg
SF589491,False,kit_3wj-jsav7iQ.jpg
SF224582,True,condo_21xbUDIN8ao.jpg
SF224582,False,bath_6BJu73-UJpg.jpg
SF224582,False,kit_46xPT-w3m-k.jpg
SF127941,True,sfh_1N2rpX7NhNw.jpg
SF127941,False,bath_6YEMkA-2ji8.jpg
SF127941,False,kit_4eLBXFahryk.jpg
SF774558,True,ths_0IFb_xFEdHY.jpg
SF774558,False,bath_7J2caL8Vy24.jpg
SF774558,False,kit_587FXBjdako.jpg
SF768933,True,condo_3-GXEUE_sCc.jpg
SF768933,False,bath_7Z2OTozIY_0.jpg
SF768933,False,kit_5a0JBpFl22U.jpg
SF386090,True,condo_3CJAeBNi2YM.jpg
SF386090,False,bath_8RXUZg5h_QA.jpg
SF386090,False,kit_9j9b2L0qAYU.jpg
SF421709,True,condo_4YGsYQf7DNQ.jpg
SF421709,False,bath_8WG4EXvdM4M.jpg
SF421709,False,kit_9vFTBI69Udo.jpg
SF947975,True,condo_4xRP0Ajk9ys.jpg
SF947975,False,bath_8qsu9Ctnsk4.jpg
SF947975,False,kit_BdZPID68yjM.jpg
SF287143,True,mfh_-eYW04Dmf8g.jpg
SF287143,False,bath_Aac7IlKnYX8.jpg
SF287143,False,kit_BmqCwvRKAks.jpg
SF665979,True,condo_5O-KFVmKSjY.jpg
SF665979,False,bath_C8a-9NQOY24.jpg
SF665979,False,kit_BxiOoyzu6-w.jpg
SF999197,True,sfh_2f1-T2EERtM.jpg
SF999197,False,bath_CeQpzwT63pU.jpg
SF999197,False,kit_CwnPmtA2NHc.jpg
SF837954,True,condo_6I1TlhDhfX8.jpg
SF837954,False,bath_D8ghwGaYQpw.jpg
SF837954,False,kit_DJV40FsmPSg.jpg
SF772865,True,ths_0J7Fm1poa5k.jpg
SF772865,False,bath_Dk_o7KQyGkI.jpg
SF772865,False,kit_EKUtjWUtPC0.jpg
SF945328,True,mfh_1N2rpX7NhNw.jpg
SF945328,False,bath_FiKcg6EMneY.jpg
SF945328,False,kit_ERSaP9l-Mtw.jpg
SF321686,True,mfh_2f1-T2EERtM.jpg
SF321686,False,bath_Fuguvv3goCA.jpg
SF321686,False,kit_FYnqaaBOI8k.jpg
SF921609,True,mfh_7GkH_rn6LJw.jpg
SF921609,False,bath_G459ni0RpiM.jpg
SF921609,False,kit_G7sE2S4Lab4.jpg
SF471106,True,sfh_2gPBKYGsMwc.jpg
SF471106,False,bath_HWUfaQt6aLU.jpg
SF471106,False,kit_GTWWwsjPFUs.jpg
SF448354,True,mfh_8T1LOzMR7EU.jpg
SF448354,False,bath_Ies-rhvusTs.jpg
SF448354,False,kit_I58Xjx0zzBQ.jpg
SF849979,True,sfh_3AAyCMU5Ufg.jpg
SF849979,False,bath_If8wxqKqkQg.jpg
SF849979,False,kit_IIy2d0-0Ueg.jpg
SF248557,True,condo_6cFOz5A9ZoQ.jpg
SF248557,False,bath_J4CrMTu2YBc.jpg
SF248557,False,kit_IxBCafdQItg.jpg
SF104666,True,sfh_45oV-f_1TiE.jpg
SF104666,False,bath_JLS-hsxIlYg.jpg
SF104666,False,kit_J77Yzq9_Hcg.jpg
SF725397,True,condo_7Kk8ONcAXqk.jpg
SF725397,False,bath_M6a_MWnHJd4.jpg
SF725397,False,kit_JG5cNEhSwvg.jpg
SF335765,True,sfh_7GkH_rn6LJw.jpg
SF335765,False,bath_MkOMgDhLpqU.jpg
SF335765,False,kit_JyeUdbb9TOg.jpg
SF697766,True,condo_8L3sarFsV8E.jpg
SF697766,False,bath_N03PjHWOEFA.jpg
SF697766,False,kit_K5JI_wRQqY0.jpg
SF710224,True,condo_9b7wGJQaScw.jpg
SF710224,False,bath_N9P3lkJvTIg.jpg
SF710224,False,kit_LC-6Dnwo6_g.jpg
SF477943,True,condo_Ava8oCm00B8.jpg
SF477943,False,bath_NBoqOuPgc0A.jpg
SF477943,False,kit_Mr2sz24thbE.jpg
SF249792,True,condo_CQFZX-In0KI.jpg
SF249792,False,bath_O-8VMFGgG_A.jpg
SF249792,False,kit_MvY303vrKR0.jpg
SF352792,True,condo_Dua0qvBmBtY.jpg
SF352792,False,bath_ODU4mXpF-5I.jpg
SF352792,False,kit_OwDrI8qIYLM.jpg
SF509711,True,sfh_7N0bW0a3ivM.jpg
SF509711,False,bath_Ok8MRXNyEug.jpg
SF509711,False,kit_Q2agE_ykjI0.jpg
SF180813,True,condo_ErDrzSvSNv4.jpg
SF180813,False,bath_Ou6pG_CEuZk.jpg
SF180813,False,kit_U1S7fDPMpf8.jpg
SF443199,True,condo_HmHArS-HvNw.jpg
SF443199,False,bath_PibraWHb4h8.jpg
SF443199,False,kit_UIK8XJ6s54I.jpg
SF708982,True,condo_ImHGMkJ_Mvg.jpg
SF708982,False,bath_PoXaUHUa-Tg.jpg
SF708982,False,kit_UPbYh3A5cdg.jpg
SF966529,True,sfh_8BB3FxxabME.jpg
SF966529,False,bath_Q6-CbUd2n3k.jpg
SF966529,False,kit_UTsUqb_jPKc.jpg
SF948611,True,condo_JDBVXignFdA.jpg
SF948611,False,bath_Q_e30nHPfMU.jpg
SF948611,False,kit_UjfhPIONgik.jpg
SF602985,True,sfh_FIdMfOHoqUM.jpg
SF602985,False,bath_RMnc22CwVVA.jpg
SF602985,False,kit_Uw4Z5jU_G-E.jpg
SF158896,True,condo_KYM5QsbRsxk.jpg
SF158896,False,bath_Rk3fgPWl-J4.jpg
SF158896,False,kit_VYI9oIKl1wE.jpg
SF954017,True,condo_KjNvwujW58w.jpg
SF954017,False,bath_THFG10Ar8Ug.jpg
SF954017,False,kit_Vcsizp5I0kk.jpg
SF868170,True,condo_LFlbLb8vJls.jpg
SF868170,False,bath_VCUbsNJdZpQ.jpg
SF868170,False,kit_VgyN_CWXQVM.jpg
SF857111,True,mfh_9ADXGjkn91Q.jpg
SF857111,False,bath_Wj5niePWnvQ.jpg
SF857111,False,kit_Wch5uxE6ncM.jpg
SF567429,True,condo_LZ3IQuhGbQE.jpg
SF567429,False,bath_YCW4BEhKluw.jpg
SF567429,False,kit_XHZKjlnIJOs.jpg
SF974625,True,sfh_FJgGzzDZh3o.jpg
SF974625,False,bath_Z-vTboPNGSo.jpg
SF974625,False,kit_Z8BtCOoJgjo.jpg
SF824056,True,condo_Ps3VqTGfWhU.jpg
SF824056,False,bath_ZDB00w2d5hY.jpg
SF824056,False,kit_Z8GlHfdn118.jpg
SF134677,True,sfh_FOEH75tqmSw.jpg
SF134677,False,bath_ZGUtbYmOGZE.jpg
SF134677,False,kit_ZtQBm7Q1XWg.jpg
SF281614,True,sfh_FUTjPQXCL-M.jpg
SF281614,False,bath_ZIu4he3R2yQ.jpg
SF281614,False,kit_ZuREP4hSY1c.jpg
SF902658,True,condo_Qe8eMrwTW5g.jpg
SF902658,False,bath_ZJghebNZhDk.jpg
SF902658,False,kit__AK42TQRyCw.jpg
SF812730,True,ths_1RFsSKIgMIc.jpg
SF812730,False,bath_ZZT1NLPKjZE.jpg
SF812730,False,kit__ddbqyJmdwA.jpg
SF574012,True,condo_QlA5N4Vnp3g.jpg
SF574012,False,bath__zrnJ3_bzlo.jpg
SF574012,False,kit_ac7PbDFlx7M.jpg
SF863187,True,sfh_FbKESavW4gE.jpg
SF863187,False,bath_a5t48en12Ek.jpg
SF863187,False,kit_b5QHeP4kamc.jpg
SF835962,True,condo_R5N6_0giS68.jpg
SF835962,False,bath_b8bBTyWj6gM.jpg
SF835962,False,kit_bJOluIUkFzQ.jpg
SF178693,True,sfh_Fcanz8wm-1U.jpg
SF178693,False,bath_c56aJqJN_qs.jpg
SF178693,False,kit_cReV-cbE2L4.jpg
SF861697,True,condo_SB3hlhAl2zc.jpg
SF861697,False,bath_d0WU6KSp918.jpg
SF861697,False,kit_cfNXvIrsbhM.jpg
SF157216,True,condo_UlIj_qKpgCw.jpg
SF157216,False,bath_d5yfKfMSk9o.jpg
SF157216,False,kit_d4ULeg3YXZM.jpg
SF457411,True,condo_WDUtNbot6Qw.jpg
SF457411,False,bath_d77dHDIhOB4.jpg
SF457411,False,kit_e4HlK1TPG9A.jpg
SF978146,True,sfh_FjHIWqNqpVs.jpg
SF978146,False,bath_dB_usTnVQJE.jpg
SF978146,False,kit_eEkAqh5L4h0.jpg
SF846454,True,sfh_G3-35-ET-HA.jpg
SF846454,False,bath_dd9nbHGCJck.jpg
SF846454,False,kit_e_J73qui2bo.jpg
SF746036,True,ths_30ODO5baYZQ.jpg
SF746036,False,bath_eXy5-E9Y5uE.jpg
SF746036,False,kit_ghHkI5gS6os.jpg
SF683635,True,condo_WIPVrs5meCA.jpg
SF683635,False,bath_en9pOa2YAKI.jpg
SF683635,False,kit_hEqrwusR3Yo.jpg
SF220294,True,sfh_HadloobmnQs.jpg
SF220294,False,bath_eoW38D7kq_Q.jpg
SF220294,False,kit_hNKl4PQNVNo.jpg
SF819368,True,condo_WgkA3CSFrjc.jpg
SF819368,False,bath_f8rXXuctnSw.jpg
SF819368,False,kit_hmz7nC5mEu4.jpg
SF330545,True,condo_Xp-w9H_tMOY.jpg
SF330545,False,bath_fAr1AZUoYLI.jpg
SF330545,False,kit_iMZRBxo3hCs.jpg
SF404771,True,sfh_I-rF9EqWEEM.jpg
SF404771,False,bath_favDy5HiKCQ.jpg
SF404771,False,kit_iUjIiP0sMTs.jpg
SF776909,True,sfh_J4M-9YrqJ40.jpg
SF776909,False,bath_ftjqFgBR7oI.jpg
SF776909,False,kit_j6QSUeiW6vo.jpg
SF693868,True,mfh_9Mt_7Iq5_2Q.jpg
SF693868,False,bath_hTyek4FccJM.jpg
SF693868,False,kit_kDm04owPPEY.jpg
SF931161,True,sfh_K-i0Oy5Mb_o.jpg
SF931161,False,bath_iXpuwXVuz8E.jpg
SF931161,False,kit_kF3KNcoXQXY.jpg
SF288783,True,sfh_LBo8KX84t7o.jpg
SF288783,False,bath_iXtriAA5HWk.jpg
SF288783,False,kit_lGEdX8UjA9k.jpg
SF728950,True,condo_Xph_EJ-22vE.jpg
SF728950,False,bath_lWqmnx1DUSk.jpg
SF728950,False,kit_lR7Zi4bEw1o.jpg
SF943356,True,condo_YLEgdrSQP4U.jpg
SF943356,False,bath_lhIOmjqf728.jpg
SF943356,False,kit_mDc0WtyqMrk.jpg
SF105547,True,ths_5O-KFVmKSjY.jpg
SF105547,False,bath_lq8FnmruSjo.jpg
SF105547,False,kit_mgykRhBYM30.jpg
SF642892,True,condo_YY139ZX_Zas.jpg
SF642892,False,bath_m78oBvRHBm0.jpg
SF642892,False,kit_n8PYmwR6hf4.jpg
SF170835,True,condo__5AGnG4Mh5E.jpg
SF170835,False,bath_mCWgrZS9p8g.jpg
SF170835,False,kit_o-uPDNNSsDA.jpg
SF182300,True,sfh_LErk0lPlbG0.jpg
SF182300,False,bath_n885FXAq1Bo.jpg
SF182300,False,kit_otjzoLhzB4o.jpg
SF441244,True,condo_aPD1yNUYP0w.jpg
SF441244,False,bath_nDERc229LpE.jpg
SF441244,False,kit_sTy-Qs0dZsA.jpg
SF855562,True,condo_b0DHABrkRcM.jpg
SF855562,False,bath_odhBaZK4eA0.jpg
SF855562,False,kit_szG9kzMLcPE.jpg
SF275715,True,sfh_MgZRW4UT6t0.jpg
SF275715,False,bath_p9A8tpM93Hk.jpg
SF275715,False,kit_tqksyXLp2mI.jpg
SF262816,True,condo_ciHrgv7HKZE.jpg
SF262816,False,bath_rodWEAfiJaY.jpg
SF262816,False,kit_uGak0qtrphM.jpg
SF100096,True,sfh_NTxbt7mwgoE.jpg
SF100096,False,bath_tTWCj9QyyVE.jpg
SF100096,False,kit_wN9xVhSXi_w.jpg
SF948097,True,condo_cnXTU42C0sg.jpg
SF948097,False,bath_thpj-Xk0Qjo.jpg
SF948097,False,kit_wWEQUGmbBrE.jpg
SF184120,True,mfh_BPcIp3beEm0.jpg
SF184120,False,bath_tvtmoa6_rJE.jpg
SF184120,False,kit_waqb5i0NrX8.jpg
SF477934,True,ths_5Z6XRKHc98g.jpg
SF477934,False,bath_uqWsLAr2dwE.jpg
SF477934,False,kit_wnAuOZeYrzI.jpg
SF475565,True,sfh_NgX_u6i2Sx0.jpg
SF475565,False,bath_uuHm2UOHRvk.jpg
SF475565,False,kit_wpa4PI1DT_A.jpg
SF902930,True,sfh_Nh81vA19t68.jpg
SF902930,False,bath_vF56dydV4FA.jpg
SF902930,False,kit_x1cPojx3CNs.jpg
SF963652,True,sfh_NmVnsp13JYc.jpg
SF963652,False,bath_vFU5eLArJmM.jpg
SF963652,False,kit_x64WAw1TIcQ.jpg
SF985893,True,condo_dAjb01pCoZ4.jpg
SF985893,False,bath_vYUkbsJ-Aq4.jpg
SF985893,False,kit_xYdS2lqto7I.jpg
SF698199,True,sfh_O7Dpx2avGyw.jpg
SF698199,False,bath_vkIgPbAIcoE.jpg
SF698199,False,kit_ynVu56fpbN8.jpg
SF867115,True,mfh_DCL-6cDKEJI.jpg
SF867115,False,bath_w8FEsHwwL10.jpg
SF867115,False,kit_-Vfa35ueUCo.jpg
SF299742,True,condo_eeoQBGB-pYg.jpg
SF299742,False,bath_wCY8cjzVUAM.jpg
SF299742,False,kit_1by_GbwEMwc.jpg
SF865380,True,mfh_DGDZizsR5IQ.jpg
SF865380,False,bath_yKqF8nuKPH8.jpg
SF865380,False,kit_2G1peeUqNjE.jpg
SF880550,True,condo_f9O-1eKGlQM.jpg
SF880550,False,bath_yb9b2wbhxG4.jpg
SF880550,False,kit_2M3QePaxX6E.jpg
SF692282,True,ths_5udBKkXTUK8.jpg
SF692282,False,bath_yzuwRu_X6Dg.jpg
SF692282,False,kit_2ocL2PmZ-vA.jpg
SF302647,True,condo_fAbPOvMJgPA.jpg
SF302647,False,bath_zBX1enOFfig.jpg
SF302647,False,kit_3JdubjN5xTI.jpg
SF299072,True,condo_iUjIiP0sMTs.jpg
SF299072,False,bath_zYIUp9jf6nI.jpg
SF299072,False,kit_3gMTVySU4rs.jpg
SF649262,True,sfh_SQ3iMGteT6s.jpg
SF649262,False,bath_zp4pRAzc9Rs.jpg
SF649262,False,kit_3wj-jsav7iQ.jpg
SF183262,True,sfh_Se9N2dUOvMY.jpg
SF183262,False,bath_zynOgAH8tAg.jpg
SF183262,False,kit_46xPT-w3m-k.jpg
SF227950,True,sfh_ShMXVbvoaOo.jpg
SF227950,False,bath_04R9dPTBYhw.jpg
SF227950,False,kit_4eLBXFahryk.jpg
SF823535,True,condo_kx-gbP7lMak.jpg
SF823535,False,bath_1ABOGxHWrT8.jpg
SF823535,False,kit_587FXBjdako.jpg
SF983326,True,condo_l6u4GIKvxBs.jpg
SF983326,False,bath_20HYgfVmSbA.jpg
SF983326,False,kit_5a0JBpFl22U.jpg
SF581682,True,condo_lLDh9JppH2c.jpg
SF581682,False,bath_2X9H1lD_k2Q.jpg
SF581682,False,kit_9j9b2L0qAYU.jpg
SF701969,True,condo_mw_mj-noYHM.jpg
SF701969,False,bath_2cCeopgMcwc.jpg
SF701969,False,kit_9vFTBI69Udo.jpg
SF833599,True,mfh_DNR2gSgrlWc.jpg
SF833599,False,bath_3uvhNMx_mOI.jpg
SF833599,False,kit_BdZPID68yjM.jpg
SF875282,True,mfh_FIdMfOHoqUM.jpg
SF875282,False,bath_4bEhgiqWjek.jpg
SF875282,False,kit_BmqCwvRKAks.jpg
SF193624,True,sfh_TX6dBiMwBV0.jpg
SF193624,False,bath_59YYIR-20xs.jpg
SF193624,False,kit_BxiOoyzu6-w.jpg
SF856379,True,mfh_FJgGzzDZh3o.jpg
SF856379,False,bath_6BJu73-UJpg.jpg
SF856379,False,kit_CwnPmtA2NHc.jpg
SF587521,True,sfh_W3pXpFeDxjo.jpg
SF587521,False,bath_6YEMkA-2ji8.jpg
SF587521,False,kit_DJV40FsmPSg.jpg
SF232981,True,condo_n9CzpBTNElo.jpg
SF232981,False,bath_7J2caL8Vy24.jpg
SF232981,False,kit_EKUtjWUtPC0.jpg
SF416006,True,condo_oMB1rr7j-H8.jpg
SF416006,False,bath_7Z2OTozIY_0.jpg
SF416006,False,kit_ERSaP9l-Mtw.jpg
SF108887,True,mfh_FUTjPQXCL-M.jpg
SF108887,False,bath_8RXUZg5h_QA.jpg
SF108887,False,kit_FYnqaaBOI8k.jpg
SF390756,True,sfh_WvkEiDEMshM.jpg
SF390756,False,bath_8WG4EXvdM4M.jpg
SF390756,False,kit_G7sE2S4Lab4.jpg
SF640418,True,ths_6zrKk8H5qUU.jpg
SF640418,False,bath_8qsu9Ctnsk4.jpg
SF640418,False,kit_GTWWwsjPFUs.jpg
SF126596,True,ths_74S7ErO7Ghk.jpg
SF126596,False,bath_Aac7IlKnYX8.jpg
SF126596,False,kit_I58Xjx0zzBQ.jpg
SF975930,True,sfh_XFQuzV6WXls.jpg
SF975930,False,bath_C8a-9NQOY24.jpg
SF975930,False,kit_IIy2d0-0Ueg.jpg
SF107574,True,condo_rYBjSLwrfdU.jpg
SF107574,False,bath_CeQpzwT63pU.jpg
SF107574,False,kit_IxBCafdQItg.jpg
SF586765,True,sfh_YRjJsGRIUeM.jpg
SF586765,False,bath_D8ghwGaYQpw.jpg
SF586765,False,kit_J77Yzq9_Hcg.jpg
SF809731,True,ths_9IinInWVU4k.jpg
SF809731,False,bath_Dk_o7KQyGkI.jpg
SF809731,False,kit_JG5cNEhSwvg.jpg
SF279517,True,sfh_YlgnN7zVQts.jpg
SF279517,False,bath_FiKcg6EMneY.jpg
SF279517,False,kit_JyeUdbb9TOg.jpg
SF187127,True,sfh_ZsKR2QGF8GI.jpg
SF187127,False,bath_Fuguvv3goCA.jpg
SF187127,False,kit_K5JI_wRQqY0.jpg
SF157474,True,sfh__dcBEkOkyQE.jpg
SF157474,False,bath_G459ni0RpiM.jpg
SF157474,False,kit_LC-6Dnwo6_g.jpg
SF938759,True,condo_szG9kzMLcPE.jpg
SF938759,False,bath_HWUfaQt6aLU.jpg
SF938759,False,kit_Mr2sz24thbE.jpg
SF830714,True,sfh_bKAVCSjN0nU.jpg
SF830714,False,bath_Ies-rhvusTs.jpg
SF830714,False,kit_MvY303vrKR0.jpg
SF136374,True,sfh_bN-7tqSMr88.jpg
SF136374,False,bath_If8wxqKqkQg.jpg
SF136374,False,kit_OwDrI8qIYLM.jpg
SF157706,True,sfh_bTD6SgQlhKE.jpg
SF157706,False,bath_J4CrMTu2YBc.jpg
SF157706,False,kit_Q2agE_ykjI0.jpg
SF544420,True,sfh_cbTb-qDQX80.jpg
SF544420,False,bath_JLS-hsxIlYg.jpg
SF544420,False,kit_U1S7fDPMpf8.jpg
SF771670,True,mfh_FbKESavW4gE.jpg
SF771670,False,bath_M6a_MWnHJd4.jpg
SF771670,False,kit_UIK8XJ6s54I.jpg
SF539892,True,sfh_dAvFTeKneyk.jpg
SF539892,False,bath_MkOMgDhLpqU.jpg
SF539892,False,kit_UPbYh3A5cdg.jpg
SF222227,True,ths_9ofVFD5grWI.jpg
SF222227,False,bath_N03PjHWOEFA.jpg
SF222227,False,kit_UTsUqb_jPKc.jpg
SF169465,True,condo_tHkJAMcO3QE.jpg
SF169465,False,bath_N9P3lkJvTIg.jpg
SF169465,False,kit_UjfhPIONgik.jpg
SF289633,True,ths_E1NWTbYYofk.jpg
SF289633,False,bath_NBoqOuPgc0A.jpg
SF289633,False,kit_Uw4Z5jU_G-E.jpg
SF515623,True,sfh_dMpJ3bP8D9w.jpg
SF515623,False,bath_O-8VMFGgG_A.jpg
SF515623,False,kit_VYI9oIKl1wE.jpg
SF621429,True,condo_u-RIsXlI8Q8.jpg
SF621429,False,bath_ODU4mXpF-5I.jpg
SF621429,False,kit_Vcsizp5I0kk.jpg
SF917241,True,condo_vz9IbCAXHKQ.jpg
SF917241,False,bath_Ok8MRXNyEug.jpg
SF917241,False,kit_VgyN_CWXQVM.jpg
SF427260,True,sfh_fn6x1TL290w.jpg
SF427260,False,bath_Ou6pG_CEuZk.jpg
SF427260,False,kit_Wch5uxE6ncM.jpg
SF981202,True,ths_EKYawwTpUSQ.jpg
SF981202,False,bath_PibraWHb4h8.jpg
SF981202,False,kit_XHZKjlnIJOs.jpg
SF792905,True,mfh_Fcanz8wm-1U.jpg
SF792905,False,bath_PoXaUHUa-Tg.jpg
SF792905,False,kit_Z8BtCOoJgjo.jpg
SF311802,True,condo_w1w7sQ8md0I.jpg
SF311802,False,bath_Q6-CbUd2n3k.jpg
SF311802,False,kit_Z8GlHfdn118.jpg
SF212002,True,condo_wFc7CtVNAIE.jpg
SF212002,False,bath_Q_e30nHPfMU.jpg
SF212002,False,kit_ZtQBm7Q1XWg.jpg
SF415504,True,condo_y8e2n6eCXmo.jpg
SF415504,False,bath_RMnc22CwVVA.jpg
SF415504,False,kit_ZuREP4hSY1c.jpg
SF428961,True,condo_yFsop3bwYoA.jpg
SF428961,False,bath_Rk3fgPWl-J4.jpg
SF428961,False,kit__AK42TQRyCw.jpg
SF193387,True,mfh_Fiq341OZyMk.jpg
SF193387,False,bath_THFG10Ar8Ug.jpg
SF193387,False,kit__ddbqyJmdwA.jpg
SF189903,True,condo_yzkTCP4uc9E.jpg
SF189903,False,bath_VCUbsNJdZpQ.jpg
SF189903,False,kit_ac7PbDFlx7M.jpg
SF194002,True,condo_-Vfa35ueUCo.jpg
SF194002,False,bath_Wj5niePWnvQ.jpg
SF194002,False,kit_b5QHeP4kamc.jpg
SF562966,True,condo_0tVimluL_ls.jpg
SF562966,False,bath_YCW4BEhKluw.jpg
SF562966,False,kit_bJOluIUkFzQ.jpg
SF445429,True,mfh_GBM6OycOWw8.jpg
SF445429,False,bath_Z-vTboPNGSo.jpg
SF445429,False,kit_cReV-cbE2L4.jpg
SF613406,True,condo_1vMz2_MclrM.jpg
SF613406,False,bath_ZDB00w2d5hY.jpg
SF613406,False,kit_cfNXvIrsbhM.jpg
SF635456,True,sfh_ivD2QRl8KfQ.jpg
SF635456,False,bath_ZGUtbYmOGZE.jpg
SF635456,False,kit_d4ULeg3YXZM.jpg
SF280077,True,sfh_j1lLBlbEMTo.jpg
SF280077,False,bath_ZIu4he3R2yQ.jpg
SF280077,False,kit_e4HlK1TPG9A.jpg
SF571351,True,sfh_jOGgTu1uuoA.jpg
SF571351,False,bath_ZJghebNZhDk.jpg
SF571351,False,kit_eEkAqh5L4h0.jpg
SF460550,True,condo_21xbUDIN8ao.jpg
SF460550,False,bath_ZZT1NLPKjZE.jpg
SF460550,False,kit_e_J73qui2bo.jpg
SF454140,True,sfh_lx-FLZx3iQk.jpg
SF454140,False,bath__zrnJ3_bzlo.jpg
SF454140,False,kit_ghHkI5gS6os.jpg
SF450861,True,ths_EmnBWeMp_aQ.jpg
SF450861,False,bath_a5t48en12Ek.jpg
SF450861,False,kit_hEqrwusR3Yo.jpg
SF792244,True,ths_FOSg2A5NdQ8.jpg
SF792244,False,bath_b8bBTyWj6gM.jpg
SF792244,False,kit_hNKl4PQNVNo.jpg
SF646660,True,condo_3-GXEUE_sCc.jpg
SF646660,False,bath_c56aJqJN_qs.jpg
SF646660,False,kit_hmz7nC5mEu4.jpg
SF301908,True,mfh_GemMSIG5lWQ.jpg
SF301908,False,bath_d0WU6KSp918.jpg
SF301908,False,kit_iMZRBxo3hCs.jpg
SF596349,True,condo_3CJAeBNi2YM.jpg
SF596349,False,bath_d5yfKfMSk9o.jpg
SF596349,False,kit_iUjIiP0sMTs.jpg
SF974994,True,ths_H1SEUz5oxjo.jpg
SF974994,False,bath_d77dHDIhOB4.jpg
SF974994,False,kit_j6QSUeiW6vo.jpg
SF119895,True,condo_4YGsYQf7DNQ.jpg
SF119895,False,bath_dB_usTnVQJE.jpg
SF119895,False,kit_kDm04owPPEY.jpg
SF412501,True,sfh_mD5xhIwVFkY.jpg
SF412501,False,bath_dd9nbHGCJck.jpg
SF412501,False,kit_kF3KNcoXQXY.jpg
SF276358,True,ths_Hs_NoDtXysE.jpg
SF276358,False,bath_eXy5-E9Y5uE.jpg
SF276358,False,kit_lGEdX8UjA9k.jpg
SF815234,True,mfh_H5moqYgDEiA.jpg
SF815234,False,bath_en9pOa2YAKI.jpg
SF815234,False,kit_lR7Zi4bEw1o.jpg
SF332281,True,sfh_nbf9DiDvLeU.jpg
SF332281,False,bath_eoW38D7kq_Q.jpg
SF332281,False,kit_mDc0WtyqMrk.jpg
SF826648,True,sfh_ns2Ai6cWTv0.jpg
SF826648,False,bath_f8rXXuctnSw.jpg
SF826648,False,kit_mgykRhBYM30.jpg
SF756403,True,sfh_r4bt3xNyRSw.jpg
SF756403,False,bath_fAr1AZUoYLI.jpg
SF756403,False,kit_n8PYmwR6hf4.jpg
SF991215,True,condo_4xRP0Ajk9ys.jpg
SF991215,False,bath_favDy5HiKCQ.jpg
SF991215,False,kit_o-uPDNNSsDA.jpg
SF638051,True,mfh_HrDzlGEudAY.jpg
SF638051,False,bath_ftjqFgBR7oI.jpg
SF638051,False,kit_otjzoLhzB4o.jpg
SF589199,True,condo_5O-KFVmKSjY.jpg
SF589199,False,bath_hTyek4FccJM.jpg
SF589199,False,kit_sTy-Qs0dZsA.jpg
SF454820,True,mfh_I-rF9EqWEEM.jpg
SF454820,False,bath_iXpuwXVuz8E.jpg
SF454820,False,kit_szG9kzMLcPE.jpg
SF275566,True,sfh_rSZ_cp8_1Us.jpg
SF275566,False,bath_iXtriAA5HWk.jpg
SF275566,False,kit_tqksyXLp2mI.jpg
SF637145,True,sfh_t51u2xAuWaY.jpg
SF637145,False,bath_lWqmnx1DUSk.jpg
SF637145,False,kit_uGak0qtrphM.jpg
SF996531,True,ths_IOWG5lg7BWc.jpg
SF996531,False,bath_lhIOmjqf728.jpg
SF996531,False,kit_wN9xVhSXi_w.jpg
SF624078,True,ths_Jo2bCJgitPE.jpg
SF624078,False,bath_lq8FnmruSjo.jpg
SF624078,False,kit_wWEQUGmbBrE.jpg
SF172866,True,ths_KjNvwujW58w.jpg
SF172866,False,bath_m78oBvRHBm0.jpg
SF172866,False,kit_waqb5i0NrX8.jpg
SF651400,True,sfh_tyVuimFK7j0.jpg
SF651400,False,bath_mCWgrZS9p8g.jpg
SF651400,False,kit_wnAuOZeYrzI.jpg
SF227119,True,mfh_IGFFFcfWmDk.jpg
SF227119,False,bath_n885FXAq1Bo.jpg
SF227119,False,kit_wpa4PI1DT_A.jpg
SF285846,True,condo_6I1TlhDhfX8.jpg
SF285846,False,bath_nDERc229LpE.jpg
SF285846,False,kit_x1cPojx3CNs.jpg
SF276037,True,ths_Mgq3t1HyDWU.jpg
SF276037,False,bath_odhBaZK4eA0.jpg
SF276037,False,kit_x64WAw1TIcQ.jpg
SF761519,True,sfh_u4gADAmfrKI.jpg
SF761519,False,bath_p9A8tpM93Hk.jpg
SF761519,False,kit_xYdS2lqto7I.jpg
SF774865,True,condo_6cFOz5A9ZoQ.jpg
SF774865,False,bath_rodWEAfiJaY.jpg
SF774865,False,kit_ynVu56fpbN8.jpg
SF307131,True,condo_7Kk8ONcAXqk.jpg
SF307131,False,bath_tTWCj9QyyVE.jpg
SF307131,False,kit_-Vfa35ueUCo.jpg
SF849588,True,sfh_vzBm3YOs2po.jpg
SF849588,False,bath_thpj-Xk0Qjo.jpg
SF849588,False,kit_1by_GbwEMwc.jpg
SF129628,True,sfh_x_OkWauCnmE.jpg
SF129628,False,bath_tvtmoa6_rJE.jpg
SF129628,False,kit_2G1peeUqNjE.jpg
SF276578,True,ths_NTaF5rBmlyE.jpg
SF276578,False,bath_uqWsLAr2dwE.jpg
SF276578,False,kit_2M3QePaxX6E.jpg
SF458772,True,condo_8L3sarFsV8E.jpg
SF458772,False,bath_uuHm2UOHRvk.jpg
SF458772,False,kit_2ocL2PmZ-vA.jpg
SF731147,True,condo_9b7wGJQaScw.jpg
SF731147,False,bath_vF56dydV4FA.jpg
SF731147,False,kit_3JdubjN5xTI.jpg
SF415986,True,ths_Q2wnJyyQpEs.jpg
SF415986,False,bath_vFU5eLArJmM.jpg
SF415986,False,kit_3gMTVySU4rs.jpg
SF947718,True,sfh_yUPWFd4fH-w.jpg
SF947718,False,bath_vYUkbsJ-Aq4.jpg
SF947718,False,kit_3wj-jsav7iQ.jpg
SF252956,True,ths_Qt4r-70J9N0.jpg
SF252956,False,bath_vkIgPbAIcoE.jpg
SF252956,False,kit_46xPT-w3m-k.jpg
SF835165,True,ths_R8BRpYkDLLg.jpg
SF835165,False,bath_w8FEsHwwL10.jpg
SF835165,False,kit_4eLBXFahryk.jpg
SF722217,True,sfh_ykNBgspgK8U.jpg
SF722217,False,bath_wCY8cjzVUAM.jpg
SF722217,False,kit_587FXBjdako.jpg
SF204271,True,condo_Ava8oCm00B8.jpg
SF204271,False,bath_yKqF8nuKPH8.jpg
SF204271,False,kit_5a0JBpFl22U.jpg
SF644675,True,mfh_J4M-9YrqJ40.jpg
SF644675,False,bath_yb9b2wbhxG4.jpg
SF644675,False,kit_9j9b2L0qAYU.jpg
SF173985,True,condo_CQFZX-In0KI.jpg
SF173985,False,bath_yzuwRu_X6Dg.jpg
SF173985,False,kit_9vFTBI69Udo.jpg
SF421440,True,sfh_z_t3F1mFsxI.jpg
SF421440,False,bath_zBX1enOFfig.jpg
SF421440,False,kit_BdZPID68yjM.jpg
SF953565,True,condo_Dua0qvBmBtY.jpg
SF953565,False,bath_zYIUp9jf6nI.jpg
SF953565,False,kit_BmqCwvRKAks.jpg
SF980184,True,condo_ErDrzSvSNv4.jpg
SF980184,False,bath_zp4pRAzc9Rs.jpg
SF980184,False,kit_BxiOoyzu6-w.jpg
SF615947,True,condo_HmHArS-HvNw.jpg
SF615947,False,bath_zynOgAH8tAg.jpg
SF615947,False,kit_CwnPmtA2NHc.jpg
SF797557,True,mfh_JZTJz8jcTDU.jpg
SF797557,False,bath_04R9dPTBYhw.jpg
SF797557,False,kit_DJV40FsmPSg.jpg
SF376331,True,mfh_K-i0Oy5Mb_o.jpg
SF376331,False,bath_1ABOGxHWrT8.jpg
SF376331,False,kit_EKUtjWUtPC0.jpg
SF394184,True,mfh_K4Hn6SPRFOA.jpg
SF394184,False,bath_20HYgfVmSbA.jpg
SF394184,False,kit_ERSaP9l-Mtw.jpg
SF302299,True,sfh_-1zTWWTqEtA.jpg
SF302299,False,bath_2X9H1lD_k2Q.jpg
SF302299,False,kit_FYnqaaBOI8k.jpg
SF502810,True,sfh_-Vu2dBIVaSk.jpg
SF502810,False,bath_2cCeopgMcwc.jpg
SF502810,False,kit_G7sE2S4Lab4.jpg
SF675956,True,condo_ImHGMkJ_Mvg.jpg
SF675956,False,bath_3uvhNMx_mOI.jpg
SF675956,False,kit_GTWWwsjPFUs.jpg
SF298033,True,sfh_0PPtQ8nWYHQ.jpg
SF298033,False,bath_4bEhgiqWjek.jpg
SF298033,False,kit_I58Xjx0zzBQ.jpg
SF896573,True,sfh_1N2rpX7NhNw.jpg
SF896573,False,bath_59YYIR-20xs.jpg
SF896573,False,kit_IIy2d0-0Ueg.jpg
SF145452,True,sfh_2f1-T2EERtM.jpg
SF145452,False,bath_6BJu73-UJpg.jpg
SF145452,False,kit_IxBCafdQItg.jpg
SF730973,True,ths_SWOmTM6WivM.jpg
SF730973,False,bath_6YEMkA-2ji8.jpg
SF730973,False,kit_J77Yzq9_Hcg.jpg
SF495796,True,sfh_2gPBKYGsMwc.jpg
SF495796,False,bath_7J2caL8Vy24.jpg
SF495796,False,kit_JG5cNEhSwvg.jpg
SF268137,True,condo_JDBVXignFdA.jpg
SF268137,False,bath_7Z2OTozIY_0.jpg
SF268137,False,kit_JyeUdbb9TOg.jpg
SF351165,True,condo_KYM5QsbRsxk.jpg
SF351165,False,bath_8RXUZg5h_QA.jpg
SF351165,False,kit_K5JI_wRQqY0.jpg
SF600121,True,sfh_3AAyCMU5Ufg.jpg
SF600121,False,bath_8WG4EXvdM4M.jpg
SF600121,False,kit_LC-6Dnwo6_g.jpg
SF428957,True,condo_KjNvwujW58w.jpg
SF428957,False,bath_8qsu9Ctnsk4.jpg
SF428957,False,kit_Mr2sz24thbE.jpg
SF262070,True,ths_TFadlIM3gUE.jpg
SF262070,False,bath_Aac7IlKnYX8.jpg
SF262070,False,kit_MvY303vrKR0.jpg
SF947808,True,condo_LFlbLb8vJls.jpg
SF947808,False,bath_C8a-9NQOY24.jpg
SF947808,False,kit_OwDrI8qIYLM.jpg
SF826559,True,sfh_45oV-f_1TiE.jpg
SF826559,False,bath_CeQpzwT63pU.jpg
SF826559,False,kit_Q2agE_ykjI0.jpg
SF812641,True,condo_LZ3IQuhGbQE.jpg
SF812641,False,bath_D8ghwGaYQpw.jpg
SF812641,False,kit_U1S7fDPMpf8.jpg
SF117224,True,sfh_7GkH_rn6LJw.jpg
SF117224,False,bath_Dk_o7KQyGkI.jpg
SF117224,False,kit_UIK8XJ6s54I.jpg
SF116284,True,condo_Ps3VqTGfWhU.jpg
SF116284,False,bath_FiKcg6EMneY.jpg
SF116284,False,kit_UPbYh3A5cdg.jpg
SF129169,True,sfh_7N0bW0a3ivM.jpg
SF129169,False,bath_Fuguvv3goCA.jpg
SF129169,False,kit_UTsUqb_jPKc.jpg
SF509783,True,condo_Qe8eMrwTW5g.jpg
SF509783,False,bath_G459ni0RpiM.jpg
SF509783,False,kit_UjfhPIONgik.jpg
SF863094,True,sfh_8BB3FxxabME.jpg
SF863094,False,bath_HWUfaQt6aLU.jpg
SF863094,False,kit_Uw4Z5jU_G-E.jpg
SF571233,True,condo_QlA5N4Vnp3g.jpg
SF571233,False,bath_Ies-rhvusTs.jpg
SF571233,False,kit_VYI9oIKl1wE.jpg
SF688207,True,condo_R5N6_0giS68.jpg
SF688207,False,bath_If8wxqKqkQg.jpg
SF688207,False,kit_Vcsizp5I0kk.jpg
SF970161,True,ths_TPzXRLb64XM.jpg
SF970161,False,bath_J4CrMTu2YBc.jpg
SF970161,False,kit_VgyN_CWXQVM.jpg
SF178687,True,condo_SB3hlhAl2zc.jpg
SF178687,False,bath_JLS-hsxIlYg.jpg
SF178687,False,kit_Wch5uxE6ncM.jpg
SF456987,True,condo_UlIj_qKpgCw.jpg
SF456987,False,bath_M6a_MWnHJd4.jpg
SF456987,False,kit_XHZKjlnIJOs.jpg
SF677035,True,condo_WDUtNbot6Qw.jpg
SF677035,False,bath_MkOMgDhLpqU.jpg
SF677035,False,kit_Z8BtCOoJgjo.jpg
SF524211,True,sfh_FIdMfOHoqUM.jpg
SF524211,False,bath_N03PjHWOEFA.jpg
SF524211,False,kit_Z8GlHfdn118.jpg
SF612027,True,ths_Te_X_tJ4sds.jpg
SF612027,False,bath_N9P3lkJvTIg.jpg
SF612027,False,kit_ZtQBm7Q1XWg.jpg
SF705640,True,sfh_FJgGzzDZh3o.jpg
SF705640,False,bath_NBoqOuPgc0A.jpg
SF705640,False,kit_ZuREP4hSY1c.jpg
SF167755,True,ths_UTJUb7xO_sI.jpg
SF167755,False,bath_O-8VMFGgG_A.jpg
SF167755,False,kit__AK42TQRyCw.jpg
SF281720,True,condo_WIPVrs5meCA.jpg
SF281720,False,bath_ODU4mXpF-5I.jpg
SF281720,False,kit__ddbqyJmdwA.jpg
SF417078,True,sfh_FOEH75tqmSw.jpg
SF417078,False,bath_Ok8MRXNyEug.jpg
SF417078,False,kit_ac7PbDFlx7M.jpg
SF854075,True,mfh_L3eIzgobYPU.jpg
SF854075,False,bath_Ou6pG_CEuZk.jpg
SF854075,False,kit_b5QHeP4kamc.jpg
SF599288,True,sfh_FUTjPQXCL-M.jpg
SF599288,False,bath_PibraWHb4h8.jpg
SF599288,False,kit_bJOluIUkFzQ.jpg
SF468959,True,sfh_FbKESavW4gE.jpg
SF468959,False,bath_PoXaUHUa-Tg.jpg
SF468959,False,kit_cReV-cbE2L4.jpg
SF220034,True,condo_WgkA3CSFrjc.jpg
SF220034,False,bath_Q6-CbUd2n3k.jpg
SF220034,False,kit_cfNXvIrsbhM.jpg
SF863660,True,sfh_Fcanz8wm-1U.jpg
SF863660,False,bath_Q_e30nHPfMU.jpg
SF863660,False,kit_d4ULeg3YXZM.jpg
SF427406,True,sfh_FjHIWqNqpVs.jpg
SF427406,False,bath_RMnc22CwVVA.jpg
SF427406,False,kit_e4HlK1TPG9A.jpg
SF919506,True,ths_UgIMFOlA_pk.jpg
SF919506,False,bath_Rk3fgPWl-J4.jpg
SF919506,False,kit_eEkAqh5L4h0.jpg
SF952095,True,condo_Xp-w9H_tMOY.jpg
SF952095,False,bath_THFG10Ar8Ug.jpg
SF952095,False,kit_e_J73qui2bo.jpg
SF243792,True,ths_WIQtUv49q18.jpg
SF243792,False,bath_VCUbsNJdZpQ.jpg
SF243792,False,kit_ghHkI5gS6os.jpg
SF667855,True,sfh_G3-35-ET-HA.jpg
SF667855,False,bath_Wj5niePWnvQ.jpg
SF667855,False,kit_hEqrwusR3Yo.jpg
SF479264,True,condo_Xph_EJ-22vE.jpg
SF479264,False,bath_YCW4BEhKluw.jpg
SF479264,False,kit_hNKl4PQNVNo.jpg
SF151988,True,condo_YLEgdrSQP4U.jpg
SF151988,False,bath_Z-vTboPNGSo.jpg
SF151988,False,kit_hmz7nC5mEu4.jpg
SF492917,True,condo_YY139ZX_Zas.jpg
SF492917,False,bath_ZDB00w2d5hY.jpg
SF492917,False,kit_iMZRBxo3hCs.jpg
SF342106,True,condo__5AGnG4Mh5E.jpg
SF342106,False,bath_ZGUtbYmOGZE.jpg
SF342106,False,kit_iUjIiP0sMTs.jpg
SF538960,True,condo_aPD1yNUYP0w.jpg
SF538960,False,bath_ZIu4he3R2yQ.jpg
SF538960,False,kit_j6QSUeiW6vo.jpg
SF721856,True,condo_b0DHABrkRcM.jpg
SF721856,False,bath_ZJghebNZhDk.jpg
SF721856,False,kit_kDm04owPPEY.jpg
SF890069,True,condo_ciHrgv7HKZE.jpg
SF890069,False,bath_ZZT1NLPKjZE.jpg
SF890069,False,kit_kF3KNcoXQXY.jpg
SF177961,True,sfh_HadloobmnQs.jpg
SF177961,False,bath__zrnJ3_bzlo.jpg
SF177961,False,kit_lGEdX8UjA9k.jpg
SF614526,True,sfh_I-rF9EqWEEM.jpg
SF614526,False,bath_a5t48en12Ek.jpg
SF614526,False,kit_lR7Zi4bEw1o.jpg
SF830824,True,condo_cnXTU42C0sg.jpg
SF830824,False,bath_b8bBTyWj6gM.jpg
SF830824,False,kit_mDc0WtyqMrk.jpg
SF120887,True,mfh_LBo8KX84t7o.jpg
SF120887,False,bath_c56aJqJN_qs.jpg
SF120887,False,kit_mgykRhBYM30.jpg
SF135418,True,condo_dAjb01pCoZ4.jpg
SF135418,False,bath_d0WU6KSp918.jpg
SF135418,False,kit_n8PYmwR6hf4.jpg
SF398239,True,mfh_MgZRW4UT6t0.jpg
SF398239,False,bath_d5yfKfMSk9o.jpg
SF398239,False,kit_o-uPDNNSsDA.jpg
SF531865,True,condo_eeoQBGB-pYg.jpg
SF531865,False,bath_d77dHDIhOB4.jpg
SF531865,False,kit_otjzoLhzB4o.jpg
SF942167,True,condo_f9O-1eKGlQM.jpg
SF942167,False,bath_dB_usTnVQJE.jpg
SF942167,False,kit_sTy-Qs0dZsA.jpg
SF663852,True,condo_fAbPOvMJgPA.jpg
SF663852,False,bath_dd9nbHGCJck.jpg
SF663852,False,kit_szG9kzMLcPE.jpg
SF596403,True,condo_iUjIiP0sMTs.jpg
SF596403,False,bath_eXy5-E9Y5uE.jpg
SF596403,False,kit_tqksyXLp2mI.jpg
SF818660,True,condo_kx-gbP7lMak.jpg
SF818660,False,bath_en9pOa2YAKI.jpg
SF818660,False,kit_uGak0qtrphM.jpg
SF699975,True,ths_WgkA3CSFrjc.jpg
SF699975,False,bath_eoW38D7kq_Q.jpg
SF699975,False,kit_wN9xVhSXi_w.jpg
SF864366,True,condo_l6u4GIKvxBs.jpg
SF864366,False,bath_f8rXXuctnSw.jpg
SF864366,False,kit_wWEQUGmbBrE.jpg
SF425569,True,condo_lLDh9JppH2c.jpg
SF425569,False,bath_fAr1AZUoYLI.jpg
SF425569,False,kit_waqb5i0NrX8.jpg
SF370756,True,condo_mw_mj-noYHM.jpg
SF370756,False,bath_favDy5HiKCQ.jpg
SF370756,False,kit_wnAuOZeYrzI.jpg
SF858510,True,condo_n9CzpBTNElo.jpg
SF858510,False,bath_ftjqFgBR7oI.jpg
SF858510,False,kit_wpa4PI1DT_A.jpg
SF310141,True,ths_XaR3sYHV1gY.jpg
SF310141,False,bath_hTyek4FccJM.jpg
SF310141,False,kit_x1cPojx3CNs.jpg
SF332463,True,ths_ZFOQT4D9pp8.jpg
SF332463,False,bath_iXpuwXVuz8E.jpg
SF332463,False,kit_x64WAw1TIcQ.jpg
SF787728,True,mfh_MoL3tAxeyHU.jpg
SF787728,False,bath_iXtriAA5HWk.jpg
SF787728,False,kit_xYdS2lqto7I.jpg
SF556013,True,condo_oMB1rr7j-H8.jpg
SF556013,False,bath_lWqmnx1DUSk.jpg
SF556013,False,kit_ynVu56fpbN8.jpg
SF617420,True,sfh_J4M-9YrqJ40.jpg
SF617420,False,bath_lhIOmjqf728.jpg
SF617420,False,kit_-Vfa35ueUCo.jpg
SF995739,True,ths_Z_mjKyj1FjI.jpg
SF995739,False,bath_lq8FnmruSjo.jpg
SF995739,False,kit_1by_GbwEMwc.jpg
SF667759,True,sfh_K-i0Oy5Mb_o.jpg
SF667759,False,bath_m78oBvRHBm0.jpg
SF667759,False,kit_2G1peeUqNjE.jpg
SF902097,True,condo_rYBjSLwrfdU.jpg
SF902097,False,bath_mCWgrZS9p8g.jpg
SF902097,False,kit_2M3QePaxX6E.jpg
SF402417,True,condo_szG9kzMLcPE.jpg
SF402417,False,bath_n885FXAq1Bo.jpg
SF402417,False,kit_2ocL2PmZ-vA.jpg
SF317062,True,condo_tHkJAMcO3QE.jpg
SF317062,False,bath_nDERc229LpE.jpg
SF317062,False,kit_3JdubjN5xTI.jpg
SF253075,True,ths_ZgsIuw6aJNw.jpg
SF253075,False,bath_odhBaZK4eA0.jpg
SF253075,False,kit_3gMTVySU4rs.jpg
SF805983,True,condo_u-RIsXlI8Q8.jpg
SF805983,False,bath_p9A8tpM93Hk.jpg
SF805983,False,kit_3wj-jsav7iQ.jpg
SF927614,True,condo_vz9IbCAXHKQ.jpg
SF927614,False,bath_rodWEAfiJaY.jpg
SF927614,False,kit_46xPT-w3m-k.jpg
SF390955,True,condo_w1w7sQ8md0I.jpg
SF390955,False,bath_tTWCj9QyyVE.jpg
SF390955,False,kit_4eLBXFahryk.jpg
SF631935,True,sfh_LBo8KX84t7o.jpg
SF631935,False,bath_thpj-Xk0Qjo.jpg
SF631935,False,kit_587FXBjdako.jpg
SF320507,True,sfh_LErk0lPlbG0.jpg
SF320507,False,bath_tvtmoa6_rJE.jpg
SF320507,False,kit_5a0JBpFl22U.jpg
SF794214,True,ths__7QvRhqLqd0.jpg
SF794214,False,bath_uqWsLAr2dwE.jpg
SF794214,False,kit_9j9b2L0qAYU.jpg
SF440310,True,mfh_NTxbt7mwgoE.jpg
SF440310,False,bath_uuHm2UOHRvk.jpg
SF440310,False,kit_9vFTBI69Udo.jpg
SF515559,True,ths_aPD1yNUYP0w.jpg
SF515559,False,bath_vF56dydV4FA.jpg
SF515559,False,kit_BdZPID68yjM.jpg
SF576102,True,sfh_MgZRW4UT6t0.jpg
SF576102,False,bath_vFU5eLArJmM.jpg
SF576102,False,kit_BmqCwvRKAks.jpg
SF544893,True,mfh_NgX_u6i2Sx0.jpg
SF544893,False,bath_vYUkbsJ-Aq4.jpg
SF544893,False,kit_BxiOoyzu6-w.jpg
SF367685,True,sfh_NTxbt7mwgoE.jpg
SF367685,False,bath_vkIgPbAIcoE.jpg
SF367685,False,kit_CwnPmtA2NHc.jpg
SF963240,True,condo_wFc7CtVNAIE.jpg
SF963240,False,bath_w8FEsHwwL10.jpg
SF963240,False,kit_DJV40FsmPSg.jpg
SF997728,True,ths_anm2W21Q2EQ.jpg
SF997728,False,bath_wCY8cjzVUAM.jpg
SF997728,False,kit_EKUtjWUtPC0.jpg
SF492975,True,sfh_NgX_u6i2Sx0.jpg
SF492975,False,bath_yKqF8nuKPH8.jpg
SF492975,False,kit_ERSaP9l-Mtw.jpg
SF997805,True,sfh_Nh81vA19t68.jpg
SF997805,False,bath_yb9b2wbhxG4.jpg
SF997805,False,kit_FYnqaaBOI8k.jpg
SF341616,True,condo_y8e2n6eCXmo.jpg
SF341616,False,bath_yzuwRu_X6Dg.jpg
SF341616,False,kit_G7sE2S4Lab4.jpg
SF720145,True,condo_yFsop3bwYoA.jpg
SF720145,False,bath_zBX1enOFfig.jpg
SF720145,False,kit_GTWWwsjPFUs.jpg
SF844238,True,ths_bN_TkedaBuQ.jpg
SF844238,False,bath_zYIUp9jf6nI.jpg
SF844238,False,kit_I58Xjx0zzBQ.jpg
SF144146,True,sfh_NmVnsp13JYc.jpg
SF144146,False,bath_zp4pRAzc9Rs.jpg
SF144146,False,kit_IIy2d0-0Ueg.jpg
SF375957,True,sfh_O7Dpx2avGyw.jpg
SF375957,False,bath_zynOgAH8tAg.jpg
SF375957,False,kit_IxBCafdQItg.jpg
SF687711,True,condo_yzkTCP4uc9E.jpg
SF687711,False,bath_04R9dPTBYhw.jpg
SF687711,False,kit_J77Yzq9_Hcg.jpg
SF121783,True,ths_dUCr-Zib-30.jpg
SF121783,False,bath_1ABOGxHWrT8.jpg
SF121783,False,kit_JG5cNEhSwvg.jpg
SF587888,True,condo_-Vfa35ueUCo.jpg
SF587888,False,bath_20HYgfVmSbA.jpg
SF587888,False,kit_JyeUdbb9TOg.jpg
SF891115,True,sfh_SQ3iMGteT6s.jpg
SF891115,False,bath_2X9H1lD_k2Q.jpg
SF891115,False,kit_K5JI_wRQqY0.jpg
SF337649,True,sfh_Se9N2dUOvMY.jpg
SF337649,False,bath_2cCeopgMcwc.jpg
SF337649,False,kit_LC-6Dnwo6_g.jpg
SF131815,True,sfh_ShMXVbvoaOo.jpg
SF131815,False,bath_3uvhNMx_mOI.jpg
SF131815,False,kit_Mr2sz24thbE.jpg
SF652953,True,sfh_TX6dBiMwBV0.jpg
SF652953,False,bath_4bEhgiqWjek.jpg
SF652953,False,kit_MvY303vrKR0.jpg
SF297382,True,condo_0tVimluL_ls.jpg
SF297382,False,bath_59YYIR-20xs.jpg
SF297382,False,kit_OwDrI8qIYLM.jpg
SF844669,True,mfh_Norc3VZfLqI.jpg
SF844669,False,bath_6BJu73-UJpg.jpg
SF844669,False,kit_Q2agE_ykjI0.jpg
SF398534,True,ths_fReaYyffTxM.jpg
SF398534,False,bath_6YEMkA-2ji8.jpg
SF398534,False,kit_U1S7fDPMpf8.jpg
SF284055,True,condo_1vMz2_MclrM.jpg
SF284055,False,bath_7J2caL8Vy24.jpg
SF284055,False,kit_UIK8XJ6s54I.jpg
SF906035,True,sfh_W3pXpFeDxjo.jpg
SF906035,False,bath_7Z2OTozIY_0.jpg
SF906035,False,kit_UPbYh3A5cdg.jpg
SF144622,True,sfh_WvkEiDEMshM.jpg
SF144622,False,bath_8RXUZg5h_QA.jpg
SF144622,False,kit_UTsUqb_jPKc.jpg
SF574291,True,condo_21xbUDIN8ao.jpg
SF574291,False,bath_8WG4EXvdM4M.jpg
SF574291,False,kit_UjfhPIONgik.jpg
SF323359,True,condo_3-GXEUE_sCc.jpg
SF323359,False,bath_8qsu9Ctnsk4.jpg
SF323359,False,kit_Uw4Z5jU_G-E.jpg
SF804393,True,sfh_XFQuzV6WXls.jpg
SF804393,False,bath_Aac7IlKnYX8.jpg
SF804393,False,kit_VYI9oIKl1wE.jpg
SF791442,True,condo_3CJAeBNi2YM.jpg
SF791442,False,bath_C8a-9NQOY24.jpg
SF791442,False,kit_Vcsizp5I0kk.jpg
SF285710,True,condo_4YGsYQf7DNQ.jpg
SF285710,False,bath_CeQpzwT63pU.jpg
SF285710,False,kit_VgyN_CWXQVM.jpg
SF809004,True,condo_4xRP0Ajk9ys.jpg
SF809004,False,bath_D8ghwGaYQpw.jpg
SF809004,False,kit_Wch5uxE6ncM.jpg
SF567593,True,condo_5O-KFVmKSjY.jpg
SF567593,False,bath_Dk_o7KQyGkI.jpg
SF567593,False,kit_XHZKjlnIJOs.jpg
SF256640,True,condo_6I1TlhDhfX8.jpg
SF256640,False,bath_FiKcg6EMneY.jpg
SF256640,False,kit_Z8BtCOoJgjo.jpg
SF942658,True,condo_6cFOz5A9ZoQ.jpg
SF942658,False,bath_Fuguvv3goCA.jpg
SF942658,False,kit_Z8GlHfdn118.jpg
SF842501,True,sfh_YRjJsGRIUeM.jpg
SF842501,False,bath_G459ni0RpiM.jpg
SF842501,False,kit_ZtQBm7Q1XWg.jpg
SF734473,True,condo_7Kk8ONcAXqk.jpg
SF734473,False,bath_HWUfaQt6aLU.jpg
SF734473,False,kit_ZuREP4hSY1c.jpg
SF117779,True,condo_8L3sarFsV8E.jpg
SF117779,False,bath_Ies-rhvusTs.jpg
SF117779,False,kit__AK42TQRyCw.jpg
SF185101,True,sfh_YlgnN7zVQts.jpg
SF185101,False,bath_If8wxqKqkQg.jpg
SF185101,False,kit__ddbqyJmdwA.jpg
SF616137,True,condo_9b7wGJQaScw.jpg
SF616137,False,bath_J4CrMTu2YBc.jpg
SF616137,False,kit_ac7PbDFlx7M.jpg
SF636666,True,ths_fZdVat1ldlE.jpg
SF636666,False,bath_JLS-hsxIlYg.jpg
SF636666,False,kit_b5QHeP4kamc.jpg
SF100283,True,ths_fpEB1eCqkx0.jpg
SF100283,False,bath_M6a_MWnHJd4.jpg
SF100283,False,kit_bJOluIUkFzQ.jpg
SF383185,True,condo_Ava8oCm00B8.jpg
SF383185,False,bath_MkOMgDhLpqU.jpg
SF383185,False,kit_cReV-cbE2L4.jpg
SF400434,True,sfh_ZsKR2QGF8GI.jpg
SF400434,False,bath_N03PjHWOEFA.jpg
SF400434,False,kit_cfNXvIrsbhM.jpg
SF763431,True,ths_gBqNmxSxnAM.jpg
SF763431,False,bath_N9P3lkJvTIg.jpg
SF763431,False,kit_d4ULeg3YXZM.jpg
SF619257,True,condo_CQFZX-In0KI.jpg
SF619257,False,bath_NBoqOuPgc0A.jpg
SF619257,False,kit_e4HlK1TPG9A.jpg
SF624282,True,sfh__dcBEkOkyQE.jpg
SF624282,False,bath_O-8VMFGgG_A.jpg
SF624282,False,kit_eEkAqh5L4h0.jpg
SF630888,True,condo_Dua0qvBmBtY.jpg
SF630888,False,bath_ODU4mXpF-5I.jpg
SF630888,False,kit_e_J73qui2bo.jpg
SF947688,True,sfh_bKAVCSjN0nU.jpg
SF947688,False,bath_Ok8MRXNyEug.jpg
SF947688,False,kit_ghHkI5gS6os.jpg
SF791915,True,mfh_O7Dpx2avGyw.jpg
SF791915,False,bath_Ou6pG_CEuZk.jpg
SF791915,False,kit_hEqrwusR3Yo.jpg
SF253209,True,sfh_bN-7tqSMr88.jpg
SF253209,False,bath_PibraWHb4h8.jpg
SF253209,False,kit_hNKl4PQNVNo.jpg
SF838694,True,ths_hZE6VQVbMco.jpg
SF838694,False,bath_PoXaUHUa-Tg.jpg
SF838694,False,kit_hmz7nC5mEu4.jpg
SF642818,True,condo_ErDrzSvSNv4.jpg
SF642818,False,bath_Q6-CbUd2n3k.jpg
SF642818,False,kit_iMZRBxo3hCs.jpg
SF175550,True,condo_HmHArS-HvNw.jpg
SF175550,False,bath_Q_e30nHPfMU.jpg
SF175550,False,kit_iUjIiP0sMTs.jpg
SF694088,True,condo_ImHGMkJ_Mvg.jpg
SF694088,False,bath_RMnc22CwVVA.jpg
SF694088,False,kit_j6QSUeiW6vo.jpg
SF990859,True,condo_JDBVXignFdA.jpg
SF990859,False,bath_Rk3fgPWl-J4.jpg
SF990859,False,kit_kDm04owPPEY.jpg
SF592529,True,mfh_OGIAx7hT2hA.jpg
SF592529,False,bath_THFG10Ar8Ug.jpg
SF592529,False,kit_kF3KNcoXQXY.jpg
SF575110,True,condo_KYM5QsbRsxk.jpg
SF575110,False,bath_VCUbsNJdZpQ.jpg
SF575110,False,kit_lGEdX8UjA9k.jpg
SF625245,True,sfh_bTD6SgQlhKE.jpg
SF625245,False,bath_Wj5niePWnvQ.jpg
SF625245,False,kit_lR7Zi4bEw1o.jpg
SF275002,True,sfh_cbTb-qDQX80.jpg
SF275002,False,bath_YCW4BEhKluw.jpg
SF275002,False,kit_mDc0WtyqMrk.jpg
SF236749,True,sfh_dAvFTeKneyk.jpg
SF236749,False,bath_Z-vTboPNGSo.jpg
SF236749,False,kit_mgykRhBYM30.jpg
SF398767,True,sfh_dMpJ3bP8D9w.jpg
SF398767,False,bath_ZDB00w2d5hY.jpg
SF398767,False,kit_n8PYmwR6hf4.jpg
SF862564,True,condo_KjNvwujW58w.jpg
SF862564,False,bath_ZGUtbYmOGZE.jpg
SF862564,False,kit_o-uPDNNSsDA.jpg
SF203386,True,sfh_fn6x1TL290w.jpg
SF203386,False,bath_ZIu4he3R2yQ.jpg
SF203386,False,kit_otjzoLhzB4o.jpg
SF205549,True,condo_LFlbLb8vJls.jpg
SF205549,False,bath_ZJghebNZhDk.jpg
SF205549,False,kit_sTy-Qs0dZsA.jpg
SF972207,True,sfh_ivD2QRl8KfQ.jpg
SF972207,False,bath_ZZT1NLPKjZE.jpg
SF972207,False,kit_szG9kzMLcPE.jpg
SF212904,True,mfh_QlBG1hIi02g.jpg
SF212904,False,bath__zrnJ3_bzlo.jpg
SF212904,False,kit_tqksyXLp2mI.jpg
SF197744,True,sfh_j1lLBlbEMTo.jpg
SF197744,False,bath_a5t48en12Ek.jpg
SF197744,False,kit_uGak0qtrphM.jpg
SF398304,True,condo_LZ3IQuhGbQE.jpg
SF398304,False,bath_b8bBTyWj6gM.jpg
SF398304,False,kit_wN9xVhSXi_w.jpg
SF660033,True,sfh_jOGgTu1uuoA.jpg
SF660033,False,bath_c56aJqJN_qs.jpg
SF660033,False,kit_wWEQUGmbBrE.jpg
SF351187,True,condo_Ps3VqTGfWhU.jpg
SF351187,False,bath_d0WU6KSp918.jpg
SF351187,False,kit_waqb5i0NrX8.jpg
SF751244,True,condo_Qe8eMrwTW5g.jpg
SF751244,False,bath_d5yfKfMSk9o.jpg
SF751244,False,kit_wnAuOZeYrzI.jpg
SF924334,True,ths_ixIsSy3zAyQ.jpg
SF924334,False,bath_d77dHDIhOB4.jpg
SF924334,False,kit_wpa4PI1DT_A.jpg
SF710510,True,ths_kx-gbP7lMak.jpg
SF710510,False,bath_dB_usTnVQJE.jpg
SF710510,False,kit_x1cPojx3CNs.jpg
SF294122,True,sfh_lx-FLZx3iQk.jpg
SF294122,False,bath_dd9nbHGCJck.jpg
SF294122,False,kit_x64WAw1TIcQ.jpg
SF883061,True,condo_QlA5N4Vnp3g.jpg
SF883061,False,bath_eXy5-E9Y5uE.jpg
SF883061,False,kit_xYdS2lqto7I.jpg
SF497121,True,sfh_mD5xhIwVFkY.jpg
SF497121,False,bath_en9pOa2YAKI.jpg
SF497121,False,kit_ynVu56fpbN8.jpg
SF310684,True,sfh_nbf9DiDvLeU.jpg
SF310684,False,bath_eoW38D7kq_Q.jpg
SF310684,False,kit_-Vfa35ueUCo.jpg
SF103534,True,condo_R5N6_0giS68.jpg
SF103534,False,bath_f8rXXuctnSw.jpg
SF103534,False,kit_1by_GbwEMwc.jpg
SF342540,True,condo_SB3hlhAl2zc.jpg
SF342540,False,bath_fAr1AZUoYLI.jpg
SF342540,False,kit_2G1peeUqNjE.jpg
SF106665,True,mfh_Se9N2dUOvMY.jpg
SF106665,False,bath_favDy5HiKCQ.jpg
SF106665,False,kit_2M3QePaxX6E.jpg
SF484452,True,sfh_ns2Ai6cWTv0.jpg
SF484452,False,bath_ftjqFgBR7oI.jpg
SF484452,False,kit_2ocL2PmZ-vA.jpg
SF324549,True,mfh_ShMXVbvoaOo.jpg
SF324549,False,bath_hTyek4FccJM.jpg
SF324549,False,kit_3JdubjN5xTI.jpg
SF991546,True,ths_ltDGY4GnnHE.jpg
SF991546,False,bath_iXpuwXVuz8E.jpg
SF991546,False,kit_3gMTVySU4rs.jpg
SF428040,True,sfh_r4bt3xNyRSw.jpg
SF428040,False,bath_iXtriAA5HWk.jpg
SF428040,False,kit_3wj-jsav7iQ.jpg
SF496069,True,sfh_rSZ_cp8_1Us.jpg
SF496069,False,bath_lWqmnx1DUSk.jpg
SF496069,False,kit_46xPT-w3m-k.jpg
SF105213,True,condo_UlIj_qKpgCw.jpg
SF105213,False,bath_lhIOmjqf728.jpg
SF105213,False,kit_4eLBXFahryk.jpg
SF916101,True,condo_WDUtNbot6Qw.jpg
SF916101,False,bath_lq8FnmruSjo.jpg
SF916101,False,kit_587FXBjdako.jpg
SF139364,True,condo_WIPVrs5meCA.jpg
SF139364,False,bath_m78oBvRHBm0.jpg
SF139364,False,kit_5a0JBpFl22U.jpg
SF886476,True,sfh_t51u2xAuWaY.jpg
SF886476,False,bath_mCWgrZS9p8g.jpg
SF886476,False,kit_9j9b2L0qAYU.jpg
SF160759,True,condo_WgkA3CSFrjc.jpg
SF160759,False,bath_n885FXAq1Bo.jpg
SF160759,False,kit_9vFTBI69Udo.jpg
SF549492,True,sfh_tyVuimFK7j0.jpg
SF549492,False,bath_nDERc229LpE.jpg
SF549492,False,kit_BdZPID68yjM.jpg
SF545092,True,sfh_u4gADAmfrKI.jpg
SF545092,False,bath_odhBaZK4eA0.jpg
SF545092,False,kit_BmqCwvRKAks.jpg
SF290608,True,mfh_U0Dv8O-Dgc4.jpg
SF290608,False,bath_p9A8tpM93Hk.jpg
SF290608,False,kit_BxiOoyzu6-w.jpg
SF527629,True,sfh_vzBm3YOs2po.jpg
SF527629,False,bath_rodWEAfiJaY.jpg
SF527629,False,kit_CwnPmtA2NHc.jpg
SF198039,True,ths_nrSzRUWqmoI.jpg
SF198039,False,bath_tTWCj9QyyVE.jpg
SF198039,False,kit_DJV40FsmPSg.jpg
SF165646,True,mfh_UP6AltT9fEU.jpg
SF165646,False,bath_thpj-Xk0Qjo.jpg
SF165646,False,kit_EKUtjWUtPC0.jpg
SF564199,True,sfh_x_OkWauCnmE.jpg
SF564199,False,bath_tvtmoa6_rJE.jpg
SF564199,False,kit_ERSaP9l-Mtw.jpg
SF213994,True,sfh_yUPWFd4fH-w.jpg
SF213994,False,bath_uqWsLAr2dwE.jpg
SF213994,False,kit_FYnqaaBOI8k.jpg
SF398593,True,mfh_VM-ysVxPv6w.jpg
SF398593,False,bath_uuHm2UOHRvk.jpg
SF398593,False,kit_G7sE2S4Lab4.jpg
SF528264,True,condo_Xp-w9H_tMOY.jpg
SF528264,False,bath_vF56dydV4FA.jpg
SF528264,False,kit_GTWWwsjPFUs.jpg
SF569009,True,ths_nzrfse4_WJw.jpg
SF569009,False,bath_vFU5eLArJmM.jpg
SF569009,False,kit_I58Xjx0zzBQ.jpg
SF463624,True,condo_Xph_EJ-22vE.jpg
SF463624,False,bath_vYUkbsJ-Aq4.jpg
SF463624,False,kit_IIy2d0-0Ueg.jpg
SF617899,True,mfh_VfS05m0v25E.jpg
SF617899,False,bath_vkIgPbAIcoE.jpg
SF617899,False,kit_IxBCafdQItg.jpg
SF294708,True,condo_YLEgdrSQP4U.jpg
SF294708,False,bath_w8FEsHwwL10.jpg
SF294708,False,kit_J77Yzq9_Hcg.jpg
SF777192,True,sfh_ykNBgspgK8U.jpg
SF777192,False,bath_wCY8cjzVUAM.jpg
SF777192,False,kit_JG5cNEhSwvg.jpg
SF212430,True,condo_YY139ZX_Zas.jpg
SF212430,False,bath_yKqF8nuKPH8.jpg
SF212430,False,kit_JyeUdbb9TOg.jpg
SF998056,True,sfh_z_t3F1mFsxI.jpg
SF998056,False,bath_yb9b2wbhxG4.jpg
SF998056,False,kit_K5JI_wRQqY0.jpg
SF448436,True,condo__5AGnG4Mh5E.jpg
SF448436,False,bath_yzuwRu_X6Dg.jpg
SF448436,False,kit_LC-6Dnwo6_g.jpg
SF543623,True,sfh_-1zTWWTqEtA.jpg
SF543623,False,bath_zBX1enOFfig.jpg
SF543623,False,kit_Mr2sz24thbE.jpg
SF585685,True,sfh_-Vu2dBIVaSk.jpg
SF585685,False,bath_zYIUp9jf6nI.jpg
SF585685,False,kit_MvY303vrKR0.jpg
SF776772,True,sfh_0PPtQ8nWYHQ.jpg
SF776772,False,bath_zp4pRAzc9Rs.jpg
SF776772,False,kit_OwDrI8qIYLM.jpg
SF379737,True,condo_aPD1yNUYP0w.jpg
SF379737,False,bath_zynOgAH8tAg.jpg
SF379737,False,kit_Q2agE_ykjI0.jpg
SF951780,True,sfh_1N2rpX7NhNw.jpg
SF951780,False,bath_04R9dPTBYhw.jpg
SF951780,False,kit_U1S7fDPMpf8.jpg
SF463737,True,ths_oxwz3CVMbmk.jpg
SF463737,False,bath_1ABOGxHWrT8.jpg
SF463737,False,kit_UIK8XJ6s54I.jpg
SF530033,True,sfh_2f1-T2EERtM.jpg
SF530033,False,bath_20HYgfVmSbA.jpg
SF530033,False,kit_UPbYh3A5cdg.jpg
SF205338,True,condo_b0DHABrkRcM.jpg
SF205338,False,bath_2X9H1lD_k2Q.jpg
SF205338,False,kit_UTsUqb_jPKc.jpg
SF665852,True,condo_ciHrgv7HKZE.jpg
SF665852,False,bath_2cCeopgMcwc.jpg
SF665852,False,kit_UjfhPIONgik.jpg
SF967977,True,ths_p_9p0byGlpE.jpg
SF967977,False,bath_3uvhNMx_mOI.jpg
SF967977,False,kit_Uw4Z5jU_G-E.jpg
SF680746,True,condo_cnXTU42C0sg.jpg
SF680746,False,bath_4bEhgiqWjek.jpg
SF680746,False,kit_VYI9oIKl1wE.jpg
SF939937,True,condo_dAjb01pCoZ4.jpg
SF939937,False,bath_59YYIR-20xs.jpg
SF939937,False,kit_Vcsizp5I0kk.jpg
SF546235,True,condo_eeoQBGB-pYg.jpg
SF546235,False,bath_6BJu73-UJpg.jpg
SF546235,False,kit_VgyN_CWXQVM.jpg
SF769915,True,condo_f9O-1eKGlQM.jpg
SF769915,False,bath_6YEMkA-2ji8.jpg
SF769915,False,kit_Wch5uxE6ncM.jpg
SF246346,True,condo_fAbPOvMJgPA.jpg
SF246346,False,bath_7J2caL8Vy24.jpg
SF246346,False,kit_XHZKjlnIJOs.jpg
SF873267,True,mfh_Wfjc6Wyjohs.jpg
SF873267,False,bath_7Z2OTozIY_0.jpg
SF873267,False,kit_Z8BtCOoJgjo.jpg
SF706701,True,mfh_XFQuzV6WXls.jpg
SF706701,False,bath_8RXUZg5h_QA.jpg
SF706701,False,kit_Z8GlHfdn118.jpg
SF855346,True,condo_iUjIiP0sMTs.jpg
SF855346,False,bath_8WG4EXvdM4M.jpg
SF855346,False,kit_ZtQBm7Q1XWg.jpg
SF973485,True,condo_kx-gbP7lMak.jpg
SF973485,False,bath_8qsu9Ctnsk4.jpg
SF973485,False,kit_ZuREP4hSY1c.jpg
SF133099,True,ths_phPoR3YzxLM.jpg
SF133099,False,bath_Aac7IlKnYX8.jpg
SF133099,False,kit__AK42TQRyCw.jpg
SF832829,True,mfh_Z01OE9qwLH4.jpg
SF832829,False,bath_C8a-9NQOY24.jpg
SF832829,False,kit__ddbqyJmdwA.jpg
SF360626,True,sfh_2gPBKYGsMwc.jpg
SF360626,False,bath_CeQpzwT63pU.jpg
SF360626,False,kit_ac7PbDFlx7M.jpg
SF905312,True,condo_l6u4GIKvxBs.jpg
SF905312,False,bath_D8ghwGaYQpw.jpg
SF905312,False,kit_b5QHeP4kamc.jpg
SF900911,True,condo_lLDh9JppH2c.jpg
SF900911,False,bath_Dk_o7KQyGkI.jpg
SF900911,False,kit_bJOluIUkFzQ.jpg
SF216295,True,ths_t294_ZZP2pg.jpg
SF216295,False,bath_FiKcg6EMneY.jpg
SF216295,False,kit_cReV-cbE2L4.jpg
SF454984,True,sfh_3AAyCMU5Ufg.jpg
SF454984,False,bath_Fuguvv3goCA.jpg
SF454984,False,kit_cfNXvIrsbhM.jpg
SF444930,True,sfh_45oV-f_1TiE.jpg
SF444930,False,bath_G459ni0RpiM.jpg
SF444930,False,kit_d4ULeg3YXZM.jpg
SF479198,True,sfh_7GkH_rn6LJw.jpg
SF479198,False,bath_HWUfaQt6aLU.jpg
SF479198,False,kit_e4HlK1TPG9A.jpg
SF666699,True,sfh_7N0bW0a3ivM.jpg
SF666699,False,bath_Ies-rhvusTs.jpg
SF666699,False,kit_eEkAqh5L4h0.jpg
SF504687,True,sfh_8BB3FxxabME.jpg
SF504687,False,bath_If8wxqKqkQg.jpg
SF504687,False,kit_e_J73qui2bo.jpg
SF103827,True,condo_mw_mj-noYHM.jpg
SF103827,False,bath_J4CrMTu2YBc.jpg
SF103827,False,kit_ghHkI5gS6os.jpg
SF909947,True,sfh_FIdMfOHoqUM.jpg
SF909947,False,bath_JLS-hsxIlYg.jpg
SF909947,False,kit_hEqrwusR3Yo.jpg
SF723589,True,condo_n9CzpBTNElo.jpg
SF723589,False,bath_M6a_MWnHJd4.jpg
SF723589,False,kit_hNKl4PQNVNo.jpg
SF847393,True,sfh_FJgGzzDZh3o.jpg
SF847393,False,bath_MkOMgDhLpqU.jpg
SF847393,False,kit_hmz7nC5mEu4.jpg
SF330222,True,mfh_ZsKR2QGF8GI.jpg
SF330222,False,bath_N03PjHWOEFA.jpg
SF330222,False,kit_iMZRBxo3hCs.jpg
SF101075,True,sfh_FOEH75tqmSw.jpg
SF101075,False,bath_N9P3lkJvTIg.jpg
SF101075,False,kit_iUjIiP0sMTs.jpg
SF724089,True,condo_oMB1rr7j-H8.jpg
SF724089,False,bath_NBoqOuPgc0A.jpg
SF724089,False,kit_j6QSUeiW6vo.jpg
SF140808,True,ths_tHOYEWuIsjQ.jpg
SF140808,False,bath_O-8VMFGgG_A.jpg
SF140808,False,kit_kDm04owPPEY.jpg
SF667114,True,mfh_b3dJBagWlCI.jpg
SF667114,False,bath_ODU4mXpF-5I.jpg
SF667114,False,kit_kF3KNcoXQXY.jpg
SF291093,True,condo_rYBjSLwrfdU.jpg
SF291093,False,bath_Ok8MRXNyEug.jpg
SF291093,False,kit_lGEdX8UjA9k.jpg
SF798799,True,sfh_FUTjPQXCL-M.jpg
SF798799,False,bath_Ou6pG_CEuZk.jpg
SF798799,False,kit_lR7Zi4bEw1o.jpg
SF162206,True,condo_szG9kzMLcPE.jpg
SF162206,False,bath_PibraWHb4h8.jpg
SF162206,False,kit_mDc0WtyqMrk.jpg
SF464840,True,mfh_bTD6SgQlhKE.jpg
SF464840,False,bath_PoXaUHUa-Tg.jpg
SF464840,False,kit_mgykRhBYM30.jpg
SF222314,True,condo_tHkJAMcO3QE.jpg
SF222314,False,bath_Q6-CbUd2n3k.jpg
SF222314,False,kit_n8PYmwR6hf4.jpg
SF195246,True,ths_tRPE-RRfoJY.jpg
SF195246,False,bath_Q_e30nHPfMU.jpg
SF195246,False,kit_o-uPDNNSsDA.jpg
SF500262,True,sfh_FbKESavW4gE.jpg
SF500262,False,bath_RMnc22CwVVA.jpg
SF500262,False,kit_otjzoLhzB4o.jpg
SF162033,True,condo_u-RIsXlI8Q8.jpg
SF162033,False,bath_Rk3fgPWl-J4.jpg
SF162033,False,kit_sTy-Qs0dZsA.jpg
SF914582,True,ths_uYYdOo7Ra9w.jpg
SF914582,False,bath_THFG10Ar8Ug.jpg
SF914582,False,kit_szG9kzMLcPE.jpg
SF983054,True,mfh_dXgnN_-IQpQ.jpg
SF983054,False,bath_VCUbsNJdZpQ.jpg
SF983054,False,kit_tqksyXLp2mI.jpg
SF734031,True,ths_xb10QP8rWks.jpg
SF734031,False,bath_Wj5niePWnvQ.jpg
SF734031,False,kit_uGak0qtrphM.jpg
SF254684,True,sfh_Fcanz8wm-1U.jpg
SF254684,False,bath_YCW4BEhKluw.jpg
SF254684,False,kit_wN9xVhSXi_w.jpg
SF520873,True,sfh_FjHIWqNqpVs.jpg
SF520873,False,bath_Z-vTboPNGSo.jpg
SF520873,False,kit_wWEQUGmbBrE.jpg
SF290551,True,condo_vz9IbCAXHKQ.jpg
SF290551,False,bath_ZDB00w2d5hY.jpg
SF290551,False,kit_waqb5i0NrX8.jpg
SF275124,True,condo_w1w7sQ8md0I.jpg
SF275124,False,bath_ZGUtbYmOGZE.jpg
SF275124,False,kit_wnAuOZeYrzI.jpg
SF526495,True,condo_wFc7CtVNAIE.jpg
SF526495,False,bath_ZIu4he3R2yQ.jpg
SF526495,False,kit_wpa4PI1DT_A.jpg
SF945281,True,sfh_G3-35-ET-HA.jpg
SF945281,False,bath_ZJghebNZhDk.jpg
SF945281,False,kit_x1cPojx3CNs.jpg
SF994292,True,sfh_HadloobmnQs.jpg
SF994292,False,bath_ZZT1NLPKjZE.jpg
SF994292,False,kit_x64WAw1TIcQ.jpg
SF798582,True,ths_zVCHXZ_64CM.jpg
SF798582,False,bath__zrnJ3_bzlo.jpg
SF798582,False,kit_xYdS2lqto7I.jpg
SF937537,True,condo_y8e2n6eCXmo.jpg
SF937537,False,bath_a5t48en12Ek.jpg
SF937537,False,kit_ynVu56fpbN8.jpg
SF696301,True,condo_yFsop3bwYoA.jpg
SF696301,False,bath_b8bBTyWj6gM.jpg
SF696301,False,kit_-Vfa35ueUCo.jpg
SF793771,True,condo_yzkTCP4uc9E.jpg
SF793771,False,bath_c56aJqJN_qs.jpg
SF793771,False,kit_1by_GbwEMwc.jpg
SF832203,True,sfh_I-rF9EqWEEM.jpg
SF832203,False,bath_d0WU6KSp918.jpg
SF832203,False,kit_2G1peeUqNjE.jpg
SF700200,True,sfh_J4M-9YrqJ40.jpg
SF700200,False,bath_d5yfKfMSk9o.jpg
SF700200,False,kit_2M3QePaxX6E.jpg
SF488981,True,sfh_K-i0Oy5Mb_o.jpg
SF488981,False,bath_d77dHDIhOB4.jpg
SF488981,False,kit_2ocL2PmZ-vA.jpg
SF706411,True,sfh_LBo8KX84t7o.jpg
SF706411,False,bath_dB_usTnVQJE.jpg
SF706411,False,kit_3JdubjN5xTI.jpg
SF844232,True,sfh_LErk0lPlbG0.jpg
SF844232,False,bath_dd9nbHGCJck.jpg
SF844232,False,kit_3gMTVySU4rs.jpg
SF945324,True,condo_-Vfa35ueUCo.jpg
SF945324,False,bath_eXy5-E9Y5uE.jpg
SF945324,False,kit_3wj-jsav7iQ.jpg
SF807576,True,ths_zXfCrYNbGFE.jpg
SF807576,False,bath_en9pOa2YAKI.jpg
SF807576,False,kit_46xPT-w3m-k.jpg
SF289974,True,sfh_MgZRW4UT6t0.jpg
SF289974,False,bath_eoW38D7kq_Q.jpg
SF289974,False,kit_4eLBXFahryk.jpg
SF159418,True,condo_0tVimluL_ls.jpg
SF159418,False,bath_f8rXXuctnSw.jpg
SF159418,False,kit_587FXBjdako.jpg
SF773388,True,sfh_NTxbt7mwgoE.jpg
SF773388,False,bath_fAr1AZUoYLI.jpg
SF773388,False,kit_5a0JBpFl22U.jpg
SF573295,True,sfh_NgX_u6i2Sx0.jpg
SF573295,False,bath_favDy5HiKCQ.jpg
SF573295,False,kit_9j9b2L0qAYU.jpg
SF284028,True,condo_1vMz2_MclrM.jpg
SF284028,False,bath_ftjqFgBR7oI.jpg
SF284028,False,kit_9vFTBI69Udo.jpg
SF121820,True,ths_zuJLTgQ53_Q.jpg
SF121820,False,bath_hTyek4FccJM.jpg
SF121820,False,kit_BdZPID68yjM.jpg
SF248646,True,ths_-VmDNbwUKMA.jpg
SF248646,False,bath_iXpuwXVuz8E.jpg
SF248646,False,kit_BmqCwvRKAks.jpg
SF201812,True,condo_21xbUDIN8ao.jpg
SF201812,False,bath_iXtriAA5HWk.jpg
SF201812,False,kit_BxiOoyzu6-w.jpg
SF886512,True,condo_3-GXEUE_sCc.jpg
SF886512,False,bath_lWqmnx1DUSk.jpg
SF886512,False,kit_CwnPmtA2NHc.jpg
SF365222,True,sfh_Nh81vA19t68.jpg
SF365222,False,bath_lhIOmjqf728.jpg
SF365222,False,kit_DJV40FsmPSg.jpg
SF201042,True,condo_3CJAeBNi2YM.jpg
SF201042,False,bath_lq8FnmruSjo.jpg
SF201042,False,kit_EKUtjWUtPC0.jpg
SF668675,True,ths_0IFb_xFEdHY.jpg
SF668675,False,bath_m78oBvRHBm0.jpg
SF668675,False,kit_ERSaP9l-Mtw.jpg
SF965622,True,condo_4YGsYQf7DNQ.jpg
SF965622,False,bath_mCWgrZS9p8g.jpg
SF965622,False,kit_FYnqaaBOI8k.jpg
SF314056,True,sfh_NmVnsp13JYc.jpg
SF314056,False,bath_n885FXAq1Bo.jpg
SF314056,False,kit_G7sE2S4Lab4.jpg
SF633786,True,condo_4xRP0Ajk9ys.jpg
SF633786,False,bath_nDERc229LpE.jpg
SF633786,False,kit_GTWWwsjPFUs.jpg
SF660612,True,ths_0J7Fm1poa5k.jpg
SF660612,False,bath_odhBaZK4eA0.jpg
SF660612,False,kit_I58Xjx0zzBQ.jpg
SF474799,True,condo_5O-KFVmKSjY.jpg
SF474799,False,bath_p9A8tpM93Hk.jpg
SF474799,False,kit_IIy2d0-0Ueg.jpg
SF797581,True,condo_6I1TlhDhfX8.jpg
SF797581,False,bath_rodWEAfiJaY.jpg
SF797581,False,kit_IxBCafdQItg.jpg
SF729965,True,sfh_O7Dpx2avGyw.jpg
SF729965,False,bath_tTWCj9QyyVE.jpg
SF729965,False,kit_J77Yzq9_Hcg.jpg
SF807900,True,sfh_SQ3iMGteT6s.jpg
SF807900,False,bath_thpj-Xk0Qjo.jpg
SF807900,False,kit_JG5cNEhSwvg.jpg
SF559654,True,ths_1RFsSKIgMIc.jpg
SF559654,False,bath_tvtmoa6_rJE.jpg
SF559654,False,kit_JyeUdbb9TOg.jpg
SF305834,True,condo_6cFOz5A9ZoQ.jpg
SF305834,False,bath_uqWsLAr2dwE.jpg
SF305834,False,kit_K5JI_wRQqY0.jpg
SF716206,True,sfh_Se9N2dUOvMY.jpg
SF716206,False,bath_uuHm2UOHRvk.jpg
SF716206,False,kit_LC-6Dnwo6_g.jpg
SF859375,True,sfh_ShMXVbvoaOo.jpg
SF859375,False,bath_vF56dydV4FA.jpg
SF859375,False,kit_Mr2sz24thbE.jpg
SF291076,True,ths_30ODO5baYZQ.jpg
SF291076,False,bath_vFU5eLArJmM.jpg
SF291076,False,kit_MvY303vrKR0.jpg
SF304638,True,condo_7Kk8ONcAXqk.jpg
SF304638,False,bath_vYUkbsJ-Aq4.jpg
SF304638,False,kit_OwDrI8qIYLM.jpg
SF620292,True,condo_8L3sarFsV8E.jpg
SF620292,False,bath_vkIgPbAIcoE.jpg
SF620292,False,kit_Q2agE_ykjI0.jpg
SF511972,True,mfh_e1HPBHjADWo.jpg
SF511972,False,bath_w8FEsHwwL10.jpg
SF511972,False,kit_U1S7fDPMpf8.jpg
SF298085,True,condo_9b7wGJQaScw.jpg
SF298085,False,bath_wCY8cjzVUAM.jpg
SF298085,False,kit_UIK8XJ6s54I.jpg
SF902434,True,condo_Ava8oCm00B8.jpg
SF902434,False,bath_yKqF8nuKPH8.jpg
SF902434,False,kit_UPbYh3A5cdg.jpg
SF636838,True,condo_CQFZX-In0KI.jpg
SF636838,False,bath_yb9b2wbhxG4.jpg
SF636838,False,kit_UTsUqb_jPKc.jpg
SF841632,True,sfh_TX6dBiMwBV0.jpg
SF841632,False,bath_yzuwRu_X6Dg.jpg
SF841632,False,kit_UjfhPIONgik.jpg
SF806162,True,condo_Dua0qvBmBtY.jpg
SF806162,False,bath_zBX1enOFfig.jpg
SF806162,False,kit_Uw4Z5jU_G-E.jpg
SF618974,True,condo_ErDrzSvSNv4.jpg
SF618974,False,bath_zYIUp9jf6nI.jpg
SF618974,False,kit_VYI9oIKl1wE.jpg
SF974758,True,condo_HmHArS-HvNw.jpg
SF974758,False,bath_zp4pRAzc9Rs.jpg
SF974758,False,kit_Vcsizp5I0kk.jpg
SF431146,True,condo_ImHGMkJ_Mvg.jpg
SF431146,False,bath_zynOgAH8tAg.jpg
SF431146,False,kit_VgyN_CWXQVM.jpg
SF497797,True,mfh_gVkPA44TYXA.jpg
SF497797,False,bath_04R9dPTBYhw.jpg
SF497797,False,kit_Wch5uxE6ncM.jpg
SF222964,True,condo_JDBVXignFdA.jpg
SF222964,False,bath_1ABOGxHWrT8.jpg
SF222964,False,kit_XHZKjlnIJOs.jpg
SF525925,True,sfh_W3pXpFeDxjo.jpg
SF525925,False,bath_20HYgfVmSbA.jpg
SF525925,False,kit_Z8BtCOoJgjo.jpg
SF733475,True,sfh_WvkEiDEMshM.jpg
SF733475,False,bath_2X9H1lD_k2Q.jpg
SF733475,False,kit_Z8GlHfdn118.jpg
SF116810,True,ths_5O-KFVmKSjY.jpg
SF116810,False,bath_2cCeopgMcwc.jpg
SF116810,False,kit_ZtQBm7Q1XWg.jpg
SF212389,True,sfh_XFQuzV6WXls.jpg
SF212389,False,bath_3uvhNMx_mOI.jpg
SF212389,False,kit_ZuREP4hSY1c.jpg
SF112088,True,condo_KYM5QsbRsxk.jpg
SF112088,False,bath_4bEhgiqWjek.jpg
SF112088,False,kit__AK42TQRyCw.jpg
SF433290,True,ths_5Z6XRKHc98g.jpg
SF433290,False,bath_59YYIR-20xs.jpg
SF433290,False,kit__ddbqyJmdwA.jpg
SF346723,True,sfh_YRjJsGRIUeM.jpg
SF346723,False,bath_6BJu73-UJpg.jpg
SF346723,False,kit_ac7PbDFlx7M.jpg
SF998812,True,sfh_YlgnN7zVQts.jpg
SF998812,False,bath_6YEMkA-2ji8.jpg
SF998812,False,kit_b5QHeP4kamc.jpg
SF249188,True,condo_KjNvwujW58w.jpg
SF249188,False,bath_7J2caL8Vy24.jpg
SF249188,False,kit_bJOluIUkFzQ.jpg
SF398734,True,ths_5udBKkXTUK8.jpg
SF398734,False,bath_7Z2OTozIY_0.jpg
SF398734,False,kit_cReV-cbE2L4.jpg
SF912535,True,condo_LFlbLb8vJls.jpg
SF912535,False,bath_8RXUZg5h_QA.jpg
SF912535,False,kit_cfNXvIrsbhM.jpg
SF798751,True,sfh_ZsKR2QGF8GI.jpg
SF798751,False,bath_8WG4EXvdM4M.jpg
SF798751,False,kit_d4ULeg3YXZM.jpg
SF169162,True,condo_LZ3IQuhGbQE.jpg
SF169162,False,bath_8qsu9Ctnsk4.jpg
SF169162,False,kit_e4HlK1TPG9A.jpg
SF925478,True,condo_Ps3VqTGfWhU.jpg
SF925478,False,bath_Aac7IlKnYX8.jpg
SF925478,False,kit_eEkAqh5L4h0.jpg
SF591324,True,condo_Qe8eMrwTW5g.jpg
SF591324,False,bath_C8a-9NQOY24.jpg
SF591324,False,kit_e_J73qui2bo.jpg
SF653729,True,condo_QlA5N4Vnp3g.jpg
SF653729,False,bath_CeQpzwT63pU.jpg
SF653729,False,kit_ghHkI5gS6os.jpg
SF804456,True,sfh__dcBEkOkyQE.jpg
SF804456,False,bath_D8ghwGaYQpw.jpg
SF804456,False,kit_hEqrwusR3Yo.jpg
SF557529,True,ths_6zrKk8H5qUU.jpg
SF557529,False,bath_Dk_o7KQyGkI.jpg
SF557529,False,kit_hNKl4PQNVNo.jpg
SF977815,True,sfh_bKAVCSjN0nU.jpg
SF977815,False,bath_FiKcg6EMneY.jpg
SF977815,False,kit_hmz7nC5mEu4.jpg
SF405350,True,sfh_bN-7tqSMr88.jpg
SF405350,False,bath_Fuguvv3goCA.jpg
SF405350,False,kit_iMZRBxo3hCs.jpg
SF700406,True,condo_R5N6_0giS68.jpg
SF700406,False,bath_G459ni0RpiM.jpg
SF700406,False,kit_iUjIiP0sMTs.jpg
SF146761,True,sfh_bTD6SgQlhKE.jpg
SF146761,False,bath_HWUfaQt6aLU.jpg
SF146761,False,kit_j6QSUeiW6vo.jpg
SF934891,True,condo_SB3hlhAl2zc.jpg
SF934891,False,bath_Ies-rhvusTs.jpg
SF934891,False,kit_kDm04owPPEY.jpg
SF744652,True,condo_UlIj_qKpgCw.jpg
SF744652,False,bath_If8wxqKqkQg.jpg
SF744652,False,kit_kF3KNcoXQXY.jpg
SF994484,True,sfh_cbTb-qDQX80.jpg
SF994484,False,bath_J4CrMTu2YBc.jpg
SF994484,False,kit_lGEdX8UjA9k.jpg
SF982183,True,condo_WDUtNbot6Qw.jpg
SF982183,False,bath_JLS-hsxIlYg.jpg
SF982183,False,kit_lR7Zi4bEw1o.jpg
SF747507,True,mfh_gudwptPNU2k.jpg
SF747507,False,bath_M6a_MWnHJd4.jpg
SF747507,False,kit_mDc0WtyqMrk.jpg
SF292483,True,ths_74S7ErO7Ghk.jpg
SF292483,False,bath_MkOMgDhLpqU.jpg
SF292483,False,kit_mgykRhBYM30.jpg
SF551211,True,condo_WIPVrs5meCA.jpg
SF551211,False,bath_N03PjHWOEFA.jpg
SF551211,False,kit_n8PYmwR6hf4.jpg
SF884714,True,sfh_dAvFTeKneyk.jpg
SF884714,False,bath_N9P3lkJvTIg.jpg
SF884714,False,kit_o-uPDNNSsDA.jpg
SF507989,True,sfh_dMpJ3bP8D9w.jpg
SF507989,False,bath_NBoqOuPgc0A.jpg
SF507989,False,kit_otjzoLhzB4o.jpg
SF566927,True,condo_WgkA3CSFrjc.jpg
SF566927,False,bath_O-8VMFGgG_A.jpg
SF566927,False,kit_sTy-Qs0dZsA.jpg
SF756221,True,ths_9IinInWVU4k.jpg
SF756221,False,bath_ODU4mXpF-5I.jpg
SF756221,False,kit_szG9kzMLcPE.jpg
SF812440,True,ths_9ofVFD5grWI.jpg
SF812440,False,bath_Ok8MRXNyEug.jpg
SF812440,False,kit_tqksyXLp2mI.jpg
SF720903,True,sfh_fn6x1TL290w.jpg
SF720903,False,bath_Ou6pG_CEuZk.jpg
SF720903,False,kit_uGak0qtrphM.jpg
SF747933,True,ths_E1NWTbYYofk.jpg
SF747933,False,bath_PibraWHb4h8.jpg
SF747933,False,kit_wN9xVhSXi_w.jpg
SF539017,True,sfh_ivD2QRl8KfQ.jpg
SF539017,False,bath_PoXaUHUa-Tg.jpg
SF539017,False,kit_wWEQUGmbBrE.jpg
SF560523,True,sfh_j1lLBlbEMTo.jpg
SF560523,False,bath_Q6-CbUd2n3k.jpg
SF560523,False,kit_waqb5i0NrX8.jpg
SF570567,True,ths_EKYawwTpUSQ.jpg
SF570567,False,bath_Q_e30nHPfMU.jpg
SF570567,False,kit_wnAuOZeYrzI.jpg
SF666060,True,condo_Xp-w9H_tMOY.jpg
SF666060,False,bath_RMnc22CwVVA.jpg
SF666060,False,kit_wpa4PI1DT_A.jpg
SF412744,True,condo_Xph_EJ-22vE.jpg
SF412744,False,bath_Rk3fgPWl-J4.jpg
SF412744,False,kit_x1cPojx3CNs.jpg
SF625580,True,sfh_jOGgTu1uuoA.jpg
SF625580,False,bath_THFG10Ar8Ug.jpg
SF625580,False,kit_x64WAw1TIcQ.jpg
SF282640,True,condo_YLEgdrSQP4U.jpg
SF282640,False,bath_VCUbsNJdZpQ.jpg
SF282640,False,kit_xYdS2lqto7I.jpg
SF151228,True,sfh_lx-FLZx3iQk.jpg
SF151228,False,bath_Wj5niePWnvQ.jpg
SF151228,False,kit_ynVu56fpbN8.jpg
SF984596,True,sfh_mD5xhIwVFkY.jpg
SF984596,False,bath_YCW4BEhKluw.jpg
SF984596,False,kit_-Vfa35ueUCo.jpg
SF745594,True,condo_YY139ZX_Zas.jpg
SF745594,False,bath_Z-vTboPNGSo.jpg
SF745594,False,kit_1by_GbwEMwc.jpg
SF894369,True,sfh_nbf9DiDvLeU.jpg
SF894369,False,bath_ZDB00w2d5hY.jpg
SF894369,False,kit_2G1peeUqNjE.jpg
SF915154,True,ths_EmnBWeMp_aQ.jpg
SF915154,False,bath_ZGUtbYmOGZE.jpg
SF915154,False,kit_2M3QePaxX6E.jpg
SF517722,True,condo__5AGnG4Mh5E.jpg
SF517722,False,bath_ZIu4he3R2yQ.jpg
SF517722,False,kit_2ocL2PmZ-vA.jpg
SF666739,True,condo_aPD1yNUYP0w.jpg
SF666739,False,bath_ZJghebNZhDk.jpg
SF666739,False,kit_3JdubjN5xTI.jpg
SF197157,True,sfh_ns2Ai6cWTv0.jpg
SF197157,False,bath_ZZT1NLPKjZE.jpg
SF197157,False,kit_3gMTVySU4rs.jpg
SF600597,True,mfh_ivD2QRl8KfQ.jpg
SF600597,False,bath__zrnJ3_bzlo.jpg
SF600597,False,kit_3wj-jsav7iQ.jpg
SF117242,True,condo_b0DHABrkRcM.jpg
SF117242,False,bath_a5t48en12Ek.jpg
SF117242,False,kit_46xPT-w3m-k.jpg
SF348782,True,sfh_r4bt3xNyRSw.jpg
SF348782,False,bath_b8bBTyWj6gM.jpg
SF348782,False,kit_4eLBXFahryk.jpg
SF761254,True,condo_ciHrgv7HKZE.jpg
SF761254,False,bath_c56aJqJN_qs.jpg
SF761254,False,kit_587FXBjdako.jpg
SF894578,True,condo_cnXTU42C0sg.jpg
SF894578,False,bath_d0WU6KSp918.jpg
SF894578,False,kit_5a0JBpFl22U.jpg
SF159364,True,sfh_rSZ_cp8_1Us.jpg
SF159364,False,bath_d5yfKfMSk9o.jpg
SF159364,False,kit_9j9b2L0qAYU.jpg
SF882334,True,sfh_t51u2xAuWaY.jpg
SF882334,False,bath_d77dHDIhOB4.jpg
SF882334,False,kit_9vFTBI69Udo.jpg
SF596393,True,ths_FOSg2A5NdQ8.jpg
SF596393,False,bath_dB_usTnVQJE.jpg
SF596393,False,kit_BdZPID68yjM.jpg
SF564063,True,condo_dAjb01pCoZ4.jpg
SF564063,False,bath_dd9nbHGCJck.jpg
SF564063,False,kit_BmqCwvRKAks.jpg
SF936313,True,condo_eeoQBGB-pYg.jpg
SF936313,False,bath_eXy5-E9Y5uE.jpg
SF936313,False,kit_BxiOoyzu6-w.jpg
SF174421,True,condo_f9O-1eKGlQM.jpg
SF174421,False,bath_en9pOa2YAKI.jpg
SF174421,False,kit_CwnPmtA2NHc.jpg
SF745836,True,condo_fAbPOvMJgPA.jpg
SF745836,False,bath_eoW38D7kq_Q.jpg
SF745836,False,kit_DJV40FsmPSg.jpg
SF503093,True,sfh_tyVuimFK7j0.jpg
SF503093,False,bath_f8rXXuctnSw.jpg
SF503093,False,kit_EKUtjWUtPC0.jpg
SF473637,True,ths_H1SEUz5oxjo.jpg
SF473637,False,bath_fAr1AZUoYLI.jpg
SF473637,False,kit_ERSaP9l-Mtw.jpg
SF369156,True,ths_Hs_NoDtXysE.jpg
SF369156,False,bath_favDy5HiKCQ.jpg
SF369156,False,kit_FYnqaaBOI8k.jpg
SF882979,True,condo_iUjIiP0sMTs.jpg
SF882979,False,bath_ftjqFgBR7oI.jpg
SF882979,False,kit_G7sE2S4Lab4.jpg
SF700873,True,condo_kx-gbP7lMak.jpg
SF700873,False,bath_hTyek4FccJM.jpg
SF700873,False,kit_GTWWwsjPFUs.jpg
SF169933,True,sfh_u4gADAmfrKI.jpg
SF169933,False,bath_iXpuwXVuz8E.jpg
SF169933,False,kit_I58Xjx0zzBQ.jpg
SF984394,True,condo_l6u4GIKvxBs.jpg
SF984394,False,bath_iXtriAA5HWk.jpg
SF984394,False,kit_IIy2d0-0Ueg.jpg
SF394196,True,ths_IOWG5lg7BWc.jpg
SF394196,False,bath_lWqmnx1DUSk.jpg
SF394196,False,kit_IxBCafdQItg.jpg
SF530990,True,condo_lLDh9JppH2c.jpg
SF530990,False,bath_lhIOmjqf728.jpg
SF530990,False,kit_J77Yzq9_Hcg.jpg
SF681788,True,condo_mw_mj-noYHM.jpg
SF681788,False,bath_lq8FnmruSjo.jpg
SF681788,False,kit_JG5cNEhSwvg.jpg
SF474841,True,condo_n9CzpBTNElo.jpg
SF474841,False,bath_m78oBvRHBm0.jpg
SF474841,False,kit_JyeUdbb9TOg.jpg
SF663847,True,condo_oMB1rr7j-H8.jpg
SF663847,False,bath_mCWgrZS9p8g.jpg
SF663847,False,kit_K5JI_wRQqY0.jpg
SF209534,True,sfh_vzBm3YOs2po.jpg
SF209534,False,bath_n885FXAq1Bo.jpg
SF209534,False,kit_LC-6Dnwo6_g.jpg
SF700102,True,condo_rYBjSLwrfdU.jpg
SF700102,False,bath_nDERc229LpE.jpg
SF700102,False,kit_Mr2sz24thbE.jpg
SF720223,True,mfh_lx-FLZx3iQk.jpg
SF720223,False,bath_odhBaZK4eA0.jpg
SF720223,False,kit_MvY303vrKR0.jpg
SF813083,True,sfh_x_OkWauCnmE.jpg
SF813083,False,bath_p9A8tpM93Hk.jpg
SF813083,False,kit_OwDrI8qIYLM.jpg
SF215389,True,sfh_yUPWFd4fH-w.jpg
SF215389,False,bath_rodWEAfiJaY.jpg
SF215389,False,kit_Q2agE_ykjI0.jpg
SF518728,True,condo_szG9kzMLcPE.jpg
SF518728,False,bath_tTWCj9QyyVE.jpg
SF518728,False,kit_U1S7fDPMpf8.jpg
SF556598,True,condo_tHkJAMcO3QE.jpg
SF556598,False,bath_thpj-Xk0Qjo.jpg
SF556598,False,kit_UIK8XJ6s54I.jpg
SF526294,True,sfh_ykNBgspgK8U.jpg
SF526294,False,bath_tvtmoa6_rJE.jpg
SF526294,False,kit_UPbYh3A5cdg.jpg
SF138449,True,condo_u-RIsXlI8Q8.jpg
SF138449,False,bath_uqWsLAr2dwE.jpg
SF138449,False,kit_UTsUqb_jPKc.jpg
SF205936,True,condo_vz9IbCAXHKQ.jpg
SF205936,False,bath_uuHm2UOHRvk.jpg
SF205936,False,kit_UjfhPIONgik.jpg
SF794022,True,sfh_z_t3F1mFsxI.jpg
SF794022,False,bath_vF56dydV4FA.jpg
SF794022,False,kit_Uw4Z5jU_G-E.jpg
SF915220,True,mfh_mD5xhIwVFkY.jpg
SF915220,False,bath_vFU5eLArJmM.jpg
SF915220,False,kit_VYI9oIKl1wE.jpg
SF533018,True,ths_Jo2bCJgitPE.jpg
SF533018,False,bath_vYUkbsJ-Aq4.jpg
SF533018,False,kit_Vcsizp5I0kk.jpg
SF867469,True,condo_w1w7sQ8md0I.jpg
SF867469,False,bath_vkIgPbAIcoE.jpg
SF867469,False,kit_VgyN_CWXQVM.jpg
SF501885,True,sfh_-1zTWWTqEtA.jpg
SF501885,False,bath_w8FEsHwwL10.jpg
SF501885,False,kit_Wch5uxE6ncM.jpg
SF818957,True,sfh_-Vu2dBIVaSk.jpg
SF818957,False,bath_wCY8cjzVUAM.jpg
SF818957,False,kit_XHZKjlnIJOs.jpg
SF227919,True,mfh_p2NQ_V2pwZs.jpg
SF227919,False,bath_yKqF8nuKPH8.jpg
SF227919,False,kit_Z8BtCOoJgjo.jpg
SF269420,True,mfh_r4bt3xNyRSw.jpg
SF269420,False,bath_yb9b2wbhxG4.jpg
SF269420,False,kit_Z8GlHfdn118.jpg
SF224749,True,condo_wFc7CtVNAIE.jpg
SF224749,False,bath_yzuwRu_X6Dg.jpg
SF224749,False,kit_ZtQBm7Q1XWg.jpg
SF331636,True,mfh_rSZ_cp8_1Us.jpg
SF331636,False,bath_zBX1enOFfig.jpg
SF331636,False,kit_ZuREP4hSY1c.jpg
SF288777,True,sfh_0PPtQ8nWYHQ.jpg
SF288777,False,bath_zYIUp9jf6nI.jpg
SF288777,False,kit__AK42TQRyCw.jpg
SF475301,True,mfh_ugfgRNkJSJ0.jpg
SF475301,False,bath_zp4pRAzc9Rs.jpg
SF475301,False,kit__ddbqyJmdwA.jpg
SF992849,True,condo_y8e2n6eCXmo.jpg
SF992849,False,bath_zynOgAH8tAg.jpg
SF992849,False,kit_ac7PbDFlx7M.jpg
SF522049,True,sfh_1N2rpX7NhNw.jpg
SF522049,False,bath_04R9dPTBYhw.jpg
SF522049,False,kit_b5QHeP4kamc.jpg
SF145331,True,condo_yFsop3bwYoA.jpg
SF145331,False,bath_1ABOGxHWrT8.jpg
SF145331,False,kit_bJOluIUkFzQ.jpg
SF416126,True,sfh_2f1-T2EERtM.jpg
SF416126,False,bath_20HYgfVmSbA.jpg
SF416126,False,kit_cReV-cbE2L4.jpg
SF437807,True,sfh_2gPBKYGsMwc.jpg
SF437807,False,bath_2X9H1lD_k2Q.jpg
SF437807,False,kit_cfNXvIrsbhM.jpg
SF332040,True,mfh_ykNBgspgK8U.jpg
SF332040,False,bath_2cCeopgMcwc.jpg
SF332040,False,kit_d4ULeg3YXZM.jpg
SF293153,True,ths_KjNvwujW58w.jpg
SF293153,False,bath_3uvhNMx_mOI.jpg
SF293153,False,kit_e4HlK1TPG9A.jpg
SF305323,True,sfh_3AAyCMU5Ufg.jpg
SF305323,False,bath_4bEhgiqWjek.jpg
SF305323,False,kit_eEkAqh5L4h0.jpg
SF966024,True,sfh_45oV-f_1TiE.jpg
SF966024,False,bath_59YYIR-20xs.jpg
SF966024,False,kit_e_J73qui2bo.jpg
SF176702,True,condo_yzkTCP4uc9E.jpg
SF176702,False,bath_6BJu73-UJpg.jpg
SF176702,False,kit_ghHkI5gS6os.jpg
SF611549,True,condo_-Vfa35ueUCo.jpg
SF611549,False,bath_6YEMkA-2ji8.jpg
SF611549,False,kit_hEqrwusR3Yo.jpg
SF450017,True,ths_Mgq3t1HyDWU.jpg
SF450017,False,bath_7J2caL8Vy24.jpg
SF450017,False,kit_hNKl4PQNVNo.jpg
SF858161,True,sfh_7GkH_rn6LJw.jpg
SF858161,False,bath_7Z2OTozIY_0.jpg
SF858161,False,kit_hmz7nC5mEu4.jpg
SF170635,True,mfh_-1zTWWTqEtA.jpg
SF170635,False,bath_8RXUZg5h_QA.jpg
SF170635,False,kit_iMZRBxo3hCs.jpg
SF393529,True,sfh_7N0bW0a3ivM.jpg
SF393529,False,bath_8WG4EXvdM4M.jpg
SF393529,False,kit_iUjIiP0sMTs.jpg
SF166977,True,condo_0tVimluL_ls.jpg
SF166977,False,bath_8qsu9Ctnsk4.jpg
SF166977,False,kit_j6QSUeiW6vo.jpg
SF557107,True,condo_1vMz2_MclrM.jpg
SF557107,False,bath_Aac7IlKnYX8.jpg
SF557107,False,kit_kDm04owPPEY.jpg
SF907889,True,ths_NTaF5rBmlyE.jpg
SF907889,False,bath_C8a-9NQOY24.jpg
SF907889,False,kit_kF3KNcoXQXY.jpg
SF643014,True,sfh_8BB3FxxabME.jpg
SF643014,False,bath_CeQpzwT63pU.jpg
SF643014,False,kit_lGEdX8UjA9k.jpg
SF253539,True,condo_21xbUDIN8ao.jpg
SF253539,False,bath_D8ghwGaYQpw.jpg
SF253539,False,kit_lR7Zi4bEw1o.jpg
SF245133,True,mfh_-eYW04Dmf8g.jpg
SF245133,False,bath_Dk_o7KQyGkI.jpg
SF245133,False,kit_mDc0WtyqMrk.jpg
SF241086,True,condo_3-GXEUE_sCc.jpg
SF241086,False,bath_FiKcg6EMneY.jpg
SF241086,False,kit_mgykRhBYM30.jpg
SF482590,True,condo_3CJAeBNi2YM.jpg
SF482590,False,bath_Fuguvv3goCA.jpg
SF482590,False,kit_n8PYmwR6hf4.jpg
SF986063,True,sfh_FIdMfOHoqUM.jpg
SF986063,False,bath_G459ni0RpiM.jpg
SF986063,False,kit_o-uPDNNSsDA.jpg
SF659718,True,ths_Q2wnJyyQpEs.jpg
SF659718,False,bath_HWUfaQt6aLU.jpg
SF659718,False,kit_otjzoLhzB4o.jpg
SF735860,True,condo_4YGsYQf7DNQ.jpg
SF735860,False,bath_Ies-rhvusTs.jpg
SF735860,False,kit_sTy-Qs0dZsA.jpg
SF304174,True,sfh_FJgGzzDZh3o.jpg
SF304174,False,bath_If8wxqKqkQg.jpg
SF304174,False,kit_szG9kzMLcPE.jpg
SF405039,True,condo_4xRP0Ajk9ys.jpg
SF405039,False,bath_J4CrMTu2YBc.jpg
SF405039,False,kit_tqksyXLp2mI.jpg
SF718293,True,condo_5O-KFVmKSjY.jpg
SF718293,False,bath_JLS-hsxIlYg.jpg
SF718293,False,kit_uGak0qtrphM.jpg
SF944030,True,sfh_FOEH75tqmSw.jpg
SF944030,False,bath_M6a_MWnHJd4.jpg
SF944030,False,kit_wN9xVhSXi_w.jpg
SF688842,True,ths_Qt4r-70J9N0.jpg
SF688842,False,bath_MkOMgDhLpqU.jpg
SF688842,False,kit_wWEQUGmbBrE.jpg
SF434629,True,condo_6I1TlhDhfX8.jpg
SF434629,False,bath_N03PjHWOEFA.jpg
SF434629,False,kit_waqb5i0NrX8.jpg
SF239099,True,sfh_FUTjPQXCL-M.jpg
SF239099,False,bath_N9P3lkJvTIg.jpg
SF239099,False,kit_wnAuOZeYrzI.jpg
SF555219,True,ths_R8BRpYkDLLg.jpg
SF555219,False,bath_NBoqOuPgc0A.jpg
SF555219,False,kit_wpa4PI1DT_A.jpg
SF535927,True,sfh_FbKESavW4gE.jpg
SF535927,False,bath_O-8VMFGgG_A.jpg
SF535927,False,kit_x1cPojx3CNs.jpg
SF748509,True,sfh_Fcanz8wm-1U.jpg
SF748509,False,bath_ODU4mXpF-5I.jpg
SF748509,False,kit_x64WAw1TIcQ.jpg
SF251784,True,sfh_FjHIWqNqpVs.jpg
SF251784,False,bath_Ok8MRXNyEug.jpg
SF251784,False,kit_xYdS2lqto7I.jpg
SF254221,True,sfh_G3-35-ET-HA.jpg
SF254221,False,bath_Ou6pG_CEuZk.jpg
SF254221,False,kit_ynVu56fpbN8.jpg
SF638805,True,sfh_HadloobmnQs.jpg
SF638805,False,bath_PibraWHb4h8.jpg
SF638805,False,kit_-Vfa35ueUCo.jpg
SF780079,True,ths_SWOmTM6WivM.jpg
SF780079,False,bath_PoXaUHUa-Tg.jpg
SF780079,False,kit_1by_GbwEMwc.jpg
SF479230,True,condo_6cFOz5A9ZoQ.jpg
SF479230,False,bath_Q6-CbUd2n3k.jpg
SF479230,False,kit_2G1peeUqNjE.jpg
SF918459,True,condo_7Kk8ONcAXqk.jpg
SF918459,False,bath_Q_e30nHPfMU.jpg
SF918459,False,kit_2M3QePaxX6E.jpg
SF567819,True,sfh_I-rF9EqWEEM.jpg
SF567819,False,bath_RMnc22CwVVA.jpg
SF567819,False,kit_2ocL2PmZ-vA.jpg
SF544871,True,condo_8L3sarFsV8E.jpg
SF544871,False,bath_Rk3fgPWl-J4.jpg
SF544871,False,kit_3JdubjN5xTI.jpg
SF816084,True,condo_9b7wGJQaScw.jpg
SF816084,False,bath_THFG10Ar8Ug.jpg
SF816084,False,kit_3gMTVySU4rs.jpg
SF568031,True,sfh_J4M-9YrqJ40.jpg
SF568031,False,bath_VCUbsNJdZpQ.jpg
SF568031,False,kit_3wj-jsav7iQ.jpg
SF527750,True,condo_Ava8oCm00B8.jpg
SF527750,False,bath_Wj5niePWnvQ.jpg
SF527750,False,kit_46xPT-w3m-k.jpg
SF933979,True,sfh_K-i0Oy5Mb_o.jpg
SF933979,False,bath_YCW4BEhKluw.jpg
SF933979,False,kit_4eLBXFahryk.jpg
SF328408,True,sfh_LBo8KX84t7o.jpg
SF328408,False,bath_Z-vTboPNGSo.jpg
SF328408,False,kit_587FXBjdako.jpg
SF109098,True,ths_TFadlIM3gUE.jpg
SF109098,False,bath_ZDB00w2d5hY.jpg
SF109098,False,kit_5a0JBpFl22U.jpg
SF826045,True,condo_CQFZX-In0KI.jpg
SF826045,False,bath_ZGUtbYmOGZE.jpg
SF826045,False,kit_9j9b2L0qAYU.jpg
SF560553,True,condo_Dua0qvBmBtY.jpg
SF560553,False,bath_ZIu4he3R2yQ.jpg
SF560553,False,kit_9vFTBI69Udo.jpg
SF885749,True,condo_ErDrzSvSNv4.jpg
SF885749,False,bath_ZJghebNZhDk.jpg
SF885749,False,kit_BdZPID68yjM.jpg
SF383282,True,sfh_LErk0lPlbG0.jpg
SF383282,False,bath_ZZT1NLPKjZE.jpg
SF383282,False,kit_BmqCwvRKAks.jpg
SF648470,True,ths_TPzXRLb64XM.jpg
SF648470,False,bath__zrnJ3_bzlo.jpg
SF648470,False,kit_BxiOoyzu6-w.jpg
SF571831,True,sfh_MgZRW4UT6t0.jpg
SF571831,False,bath_a5t48en12Ek.jpg
SF571831,False,kit_CwnPmtA2NHc.jpg
SF406741,True,condo_HmHArS-HvNw.jpg
SF406741,False,bath_b8bBTyWj6gM.jpg
SF406741,False,kit_DJV40FsmPSg.jpg
SF352410,True,sfh_NTxbt7mwgoE.jpg
SF352410,False,bath_c56aJqJN_qs.jpg
SF352410,False,kit_EKUtjWUtPC0.jpg
SF467293,True,sfh_NgX_u6i2Sx0.jpg
SF467293,False,bath_d0WU6KSp918.jpg
SF467293,False,kit_ERSaP9l-Mtw.jpg
SF548798,True,condo_ImHGMkJ_Mvg.jpg
SF548798,False,bath_d5yfKfMSk9o.jpg
SF548798,False,kit_FYnqaaBOI8k.jpg
SF184428,True,condo_JDBVXignFdA.jpg
SF184428,False,bath_d77dHDIhOB4.jpg
SF184428,False,kit_G7sE2S4Lab4.jpg
SF761963,True,sfh_Nh81vA19t68.jpg
SF761963,False,bath_dB_usTnVQJE.jpg
SF761963,False,kit_GTWWwsjPFUs.jpg
SF100062,True,condo_KYM5QsbRsxk.jpg
SF100062,False,bath_dd9nbHGCJck.jpg
SF100062,False,kit_I58Xjx0zzBQ.jpg
SF365684,True,condo_KjNvwujW58w.jpg
SF365684,False,bath_eXy5-E9Y5uE.jpg
SF365684,False,kit_IIy2d0-0Ueg.jpg
SF602337,True,condo_LFlbLb8vJls.jpg
SF602337,False,bath_en9pOa2YAKI.jpg
SF602337,False,kit_IxBCafdQItg.jpg
SF325582,True,sfh_NmVnsp13JYc.jpg
SF325582,False,bath_eoW38D7kq_Q.jpg
SF325582,False,kit_J77Yzq9_Hcg.jpg
SF306193,True,condo_LZ3IQuhGbQE.jpg
SF306193,False,bath_f8rXXuctnSw.jpg
SF306193,False,kit_JG5cNEhSwvg.jpg
SF726666,True,sfh_O7Dpx2avGyw.jpg
SF726666,False,bath_fAr1AZUoYLI.jpg
SF726666,False,kit_JyeUdbb9TOg.jpg
SF253103,True,condo_Ps3VqTGfWhU.jpg
SF253103,False,bath_favDy5HiKCQ.jpg
SF253103,False,kit_K5JI_wRQqY0.jpg
SF409583,True,sfh_SQ3iMGteT6s.jpg
SF409583,False,bath_ftjqFgBR7oI.jpg
SF409583,False,kit_LC-6Dnwo6_g.jpg
SF639831,True,sfh_Se9N2dUOvMY.jpg
SF639831,False,bath_hTyek4FccJM.jpg
SF639831,False,kit_Mr2sz24thbE.jpg
SF998459,True,mfh_1N2rpX7NhNw.jpg
SF998459,False,bath_iXpuwXVuz8E.jpg
SF998459,False,kit_MvY303vrKR0.jpg
SF975260,True,ths_Te_X_tJ4sds.jpg
SF975260,False,bath_iXtriAA5HWk.jpg
SF975260,False,kit_OwDrI8qIYLM.jpg
SF253678,True,condo_Qe8eMrwTW5g.jpg
SF253678,False,bath_lWqmnx1DUSk.jpg
SF253678,False,kit_Q2agE_ykjI0.jpg
SF425772,True,mfh_2f1-T2EERtM.jpg
SF425772,False,bath_lhIOmjqf728.jpg
SF425772,False,kit_U1S7fDPMpf8.jpg
SF680174,True,condo_QlA5N4Vnp3g.jpg
SF680174,False,bath_lq8FnmruSjo.jpg
SF680174,False,kit_UIK8XJ6s54I.jpg
SF964755,True,mfh_7GkH_rn6LJw.jpg
SF964755,False,bath_m78oBvRHBm0.jpg
SF964755,False,kit_UPbYh3A5cdg.jpg
SF372442,True,condo_R5N6_0giS68.jpg
SF372442,False,bath_mCWgrZS9p8g.jpg
SF372442,False,kit_UTsUqb_jPKc.jpg
SF645273,True,sfh_ShMXVbvoaOo.jpg
SF645273,False,bath_n885FXAq1Bo.jpg
SF645273,False,kit_UjfhPIONgik.jpg
SF352697,True,condo_SB3hlhAl2zc.jpg
SF352697,False,bath_nDERc229LpE.jpg
SF352697,False,kit_Uw4Z5jU_G-E.jpg
SF444770,True,ths_UTJUb7xO_sI.jpg
SF444770,False,bath_odhBaZK4eA0.jpg
SF444770,False,kit_VYI9oIKl1wE.jpg
SF764376,True,sfh_TX6dBiMwBV0.jpg
SF764376,False,bath_p9A8tpM93Hk.jpg
SF764376,False,kit_Vcsizp5I0kk.jpg
SF501832,True,sfh_W3pXpFeDxjo.jpg
SF501832,False,bath_rodWEAfiJaY.jpg
SF501832,False,kit_VgyN_CWXQVM.jpg
SF341679,True,ths_UgIMFOlA_pk.jpg
SF341679,False,bath_tTWCj9QyyVE.jpg
SF341679,False,kit_Wch5uxE6ncM.jpg
SF991080,True,condo_UlIj_qKpgCw.jpg
SF991080,False,bath_thpj-Xk0Qjo.jpg
SF991080,False,kit_XHZKjlnIJOs.jpg
SF325202,True,sfh_WvkEiDEMshM.jpg
SF325202,False,bath_tvtmoa6_rJE.jpg
SF325202,False,kit_Z8BtCOoJgjo.jpg
SF355674,True,condo_WDUtNbot6Qw.jpg
SF355674,False,bath_uqWsLAr2dwE.jpg
SF355674,False,kit_Z8GlHfdn118.jpg
SF254436,True,condo_WIPVrs5meCA.jpg
SF254436,False,bath_uuHm2UOHRvk.jpg
SF254436,False,kit_ZtQBm7Q1XWg.jpg
SF452628,True,ths_WIQtUv49q18.jpg
SF452628,False,bath_vF56dydV4FA.jpg
SF452628,False,kit_ZuREP4hSY1c.jpg
SF248441,True,ths_WgkA3CSFrjc.jpg
SF248441,False,bath_vFU5eLArJmM.jpg
SF248441,False,kit__AK42TQRyCw.jpg
SF485501,True,condo_WgkA3CSFrjc.jpg
SF485501,False,bath_vYUkbsJ-Aq4.jpg
SF485501,False,kit__ddbqyJmdwA.jpg
SF503895,True,sfh_XFQuzV6WXls.jpg
SF503895,False,bath_vkIgPbAIcoE.jpg
SF503895,False,kit_ac7PbDFlx7M.jpg
SF560103,True,sfh_YRjJsGRIUeM.jpg
SF560103,False,bath_w8FEsHwwL10.jpg
SF560103,False,kit_b5QHeP4kamc.jpg
SF381399,True,mfh_8T1LOzMR7EU.jpg
SF381399,False,bath_wCY8cjzVUAM.jpg
SF381399,False,kit_bJOluIUkFzQ.jpg
SF881639,True,ths_XaR3sYHV1gY.jpg
SF881639,False,bath_yKqF8nuKPH8.jpg
SF881639,False,kit_cReV-cbE2L4.jpg
SF741699,True,condo_Xp-w9H_tMOY.jpg
SF741699,False,bath_yb9b2wbhxG4.jpg
SF741699,False,kit_cfNXvIrsbhM.jpg
SF897056,True,mfh_9ADXGjkn91Q.jpg
SF897056,False,bath_yzuwRu_X6Dg.jpg
SF897056,False,kit_d4ULeg3YXZM.jpg
SF966507,True,ths_ZFOQT4D9pp8.jpg
SF966507,False,bath_zBX1enOFfig.jpg
SF966507,False,kit_e4HlK1TPG9A.jpg
SF478381,True,condo_Xph_EJ-22vE.jpg
SF478381,False,bath_zYIUp9jf6nI.jpg
SF478381,False,kit_eEkAqh5L4h0.jpg
SF490555,True,condo_YLEgdrSQP4U.jpg
SF490555,False,bath_zp4pRAzc9Rs.jpg
SF490555,False,kit_e_J73qui2bo.jpg
SF747417,True,condo_YY139ZX_Zas.jpg
SF747417,False,bath_zynOgAH8tAg.jpg
SF747417,False,kit_ghHkI5gS6os.jpg
SF829799,True,mfh_9Mt_7Iq5_2Q.jpg
SF829799,False,bath_04R9dPTBYhw.jpg
SF829799,False,kit_hEqrwusR3Yo.jpg
SF599701,True,condo__5AGnG4Mh5E.jpg
SF599701,False,bath_1ABOGxHWrT8.jpg
SF599701,False,kit_hNKl4PQNVNo.jpg
SF828259,True,sfh_YlgnN7zVQts.jpg
SF828259,False,bath_20HYgfVmSbA.jpg
SF828259,False,kit_hmz7nC5mEu4.jpg
SF872760,True,condo_aPD1yNUYP0w.jpg
SF872760,False,bath_2X9H1lD_k2Q.jpg
SF872760,False,kit_iMZRBxo3hCs.jpg
SF553324,True,condo_b0DHABrkRcM.jpg
SF553324,False,bath_2cCeopgMcwc.jpg
SF553324,False,kit_iUjIiP0sMTs.jpg
SF434983,True,ths_Z_mjKyj1FjI.jpg
SF434983,False,bath_3uvhNMx_mOI.jpg
SF434983,False,kit_j6QSUeiW6vo.jpg
SF157634,True,condo_ciHrgv7HKZE.jpg
SF157634,False,bath_4bEhgiqWjek.jpg
SF157634,False,kit_kDm04owPPEY.jpg
SF908132,True,condo_cnXTU42C0sg.jpg
SF908132,False,bath_59YYIR-20xs.jpg
SF908132,False,kit_kF3KNcoXQXY.jpg
SF431289,True,condo_dAjb01pCoZ4.jpg
SF431289,False,bath_6BJu73-UJpg.jpg
SF431289,False,kit_lGEdX8UjA9k.jpg
SF788331,True,condo_eeoQBGB-pYg.jpg
SF788331,False,bath_6YEMkA-2ji8.jpg
SF788331,False,kit_lR7Zi4bEw1o.jpg
SF302538,True,sfh_ZsKR2QGF8GI.jpg
SF302538,False,bath_7J2caL8Vy24.jpg
SF302538,False,kit_mDc0WtyqMrk.jpg
SF419104,True,condo_f9O-1eKGlQM.jpg
SF419104,False,bath_7Z2OTozIY_0.jpg
SF419104,False,kit_mgykRhBYM30.jpg
SF396926,True,sfh__dcBEkOkyQE.jpg
SF396926,False,bath_8RXUZg5h_QA.jpg
SF396926,False,kit_n8PYmwR6hf4.jpg
SF183328,True,condo_fAbPOvMJgPA.jpg
SF183328,False,bath_8WG4EXvdM4M.jpg
SF183328,False,kit_o-uPDNNSsDA.jpg
SF590836,True,condo_iUjIiP0sMTs.jpg
SF590836,False,bath_8qsu9Ctnsk4.jpg
SF590836,False,kit_otjzoLhzB4o.jpg
SF417646,True,condo_kx-gbP7lMak.jpg
SF417646,False,bath_Aac7IlKnYX8.jpg
SF417646,False,kit_sTy-Qs0dZsA.jpg
SF920522,True,ths_ZgsIuw6aJNw.jpg
SF920522,False,bath_C8a-9NQOY24.jpg
SF920522,False,kit_szG9kzMLcPE.jpg
SF715772,True,sfh_bKAVCSjN0nU.jpg
SF715772,False,bath_CeQpzwT63pU.jpg
SF715772,False,kit_tqksyXLp2mI.jpg
SF370817,True,sfh_bN-7tqSMr88.jpg
SF370817,False,bath_D8ghwGaYQpw.jpg
SF370817,False,kit_uGak0qtrphM.jpg
SF526774,True,ths__7QvRhqLqd0.jpg
SF526774,False,bath_Dk_o7KQyGkI.jpg
SF526774,False,kit_wN9xVhSXi_w.jpg
SF948240,True,condo_l6u4GIKvxBs.jpg
SF948240,False,bath_FiKcg6EMneY.jpg
SF948240,False,kit_wWEQUGmbBrE.jpg
SF355646,True,ths_aPD1yNUYP0w.jpg
SF355646,False,bath_Fuguvv3goCA.jpg
SF355646,False,kit_waqb5i0NrX8.jpg
SF353153,True,sfh_bTD6SgQlhKE.jpg
SF353153,False,bath_G459ni0RpiM.jpg
SF353153,False,kit_wnAuOZeYrzI.jpg
SF794809,True,mfh_BPcIp3beEm0.jpg
SF794809,False,bath_HWUfaQt6aLU.jpg
SF794809,False,kit_wpa4PI1DT_A.jpg
SF908783,True,sfh_cbTb-qDQX80.jpg
SF908783,False,bath_Ies-rhvusTs.jpg
SF908783,False,kit_x1cPojx3CNs.jpg
SF673519,True,condo_lLDh9JppH2c.jpg
SF673519,False,bath_If8wxqKqkQg.jpg
SF673519,False,kit_x64WAw1TIcQ.jpg
SF339196,True,sfh_dAvFTeKneyk.jpg
SF339196,False,bath_J4CrMTu2YBc.jpg
SF339196,False,kit_xYdS2lqto7I.jpg
SF602165,True,condo_mw_mj-noYHM.jpg
SF602165,False,bath_JLS-hsxIlYg.jpg
SF602165,False,kit_ynVu56fpbN8.jpg
SF283720,True,sfh_dMpJ3bP8D9w.jpg
SF283720,False,bath_M6a_MWnHJd4.jpg
SF283720,False,kit_-Vfa35ueUCo.jpg
SF482486,True,mfh_DCL-6cDKEJI.jpg
SF482486,False,bath_MkOMgDhLpqU.jpg
SF482486,False,kit_1by_GbwEMwc.jpg
SF677150,True,condo_n9CzpBTNElo.jpg
SF677150,False,bath_N03PjHWOEFA.jpg
SF677150,False,kit_2G1peeUqNjE.jpg
SF573743,True,condo_oMB1rr7j-H8.jpg
SF573743,False,bath_N9P3lkJvTIg.jpg
SF573743,False,kit_2M3QePaxX6E.jpg
SF366589,True,condo_rYBjSLwrfdU.jpg
SF366589,False,bath_NBoqOuPgc0A.jpg
SF366589,False,kit_2ocL2PmZ-vA.jpg
SF535895,True,condo_szG9kzMLcPE.jpg
SF535895,False,bath_O-8VMFGgG_A.jpg
SF535895,False,kit_3JdubjN5xTI.jpg
SF556552,True,ths_anm2W21Q2EQ.jpg
SF556552,False,bath_ODU4mXpF-5I.jpg
SF556552,False,kit_3gMTVySU4rs.jpg
SF436776,True,sfh_fn6x1TL290w.jpg
SF436776,False,bath_Ok8MRXNyEug.jpg
SF436776,False,kit_3wj-jsav7iQ.jpg
SF766495,True,sfh_ivD2QRl8KfQ.jpg
SF766495,False,bath_Ou6pG_CEuZk.jpg
SF766495,False,kit_46xPT-w3m-k.jpg
SF830518,True,condo_tHkJAMcO3QE.jpg
SF830518,False,bath_PibraWHb4h8.jpg
SF830518,False,kit_4eLBXFahryk.jpg
SF757116,True,sfh_j1lLBlbEMTo.jpg
SF757116,False,bath_PoXaUHUa-Tg.jpg
SF757116,False,kit_587FXBjdako.jpg
SF328497,True,condo_u-RIsXlI8Q8.jpg
SF328497,False,bath_Q6-CbUd2n3k.jpg
SF328497,False,kit_5a0JBpFl22U.jpg
SF605488,True,sfh_jOGgTu1uuoA.jpg
SF605488,False,bath_Q_e30nHPfMU.jpg
SF605488,False,kit_9j9b2L0qAYU.jpg
SF983675,True,sfh_lx-FLZx3iQk.jpg
SF983675,False,bath_RMnc22CwVVA.jpg
SF983675,False,kit_9vFTBI69Udo.jpg
SF243548,True,condo_vz9IbCAXHKQ.jpg
SF243548,False,bath_Rk3fgPWl-J4.jpg
SF243548,False,kit_BdZPID68yjM.jpg
SF281029,True,condo_w1w7sQ8md0I.jpg
SF281029,False,bath_THFG10Ar8Ug.jpg
SF281029,False,kit_BmqCwvRKAks.jpg
SF252376,True,sfh_mD5xhIwVFkY.jpg
SF252376,False,bath_VCUbsNJdZpQ.jpg
SF252376,False,kit_BxiOoyzu6-w.jpg
SF985671,True,condo_wFc7CtVNAIE.jpg
SF985671,False,bath_Wj5niePWnvQ.jpg
SF985671,False,kit_CwnPmtA2NHc.jpg
SF262595,True,condo_y8e2n6eCXmo.jpg
SF262595,False,bath_YCW4BEhKluw.jpg
SF262595,False,kit_DJV40FsmPSg.jpg
SF649135,True,condo_yFsop3bwYoA.jpg
SF649135,False,bath_Z-vTboPNGSo.jpg
SF649135,False,kit_EKUtjWUtPC0.jpg
SF398824,True,condo_yzkTCP4uc9E.jpg
SF398824,False,bath_ZDB00w2d5hY.jpg
SF398824,False,kit_ERSaP9l-Mtw.jpg
SF837494,True,ths_bN_TkedaBuQ.jpg
SF837494,False,bath_ZGUtbYmOGZE.jpg
SF837494,False,kit_FYnqaaBOI8k.jpg
SF197429,True,mfh_DGDZizsR5IQ.jpg
SF197429,False,bath_ZIu4he3R2yQ.jpg
SF197429,False,kit_G7sE2S4Lab4.jpg
SF806572,True,condo_-Vfa35ueUCo.jpg
SF806572,False,bath_ZJghebNZhDk.jpg
SF806572,False,kit_GTWWwsjPFUs.jpg
SF858343,True,sfh_nbf9DiDvLeU.jpg
SF858343,False,bath_ZZT1NLPKjZE.jpg
SF858343,False,kit_I58Xjx0zzBQ.jpg
SF815331,True,condo_0tVimluL_ls.jpg
SF815331,False,bath__zrnJ3_bzlo.jpg
SF815331,False,kit_IIy2d0-0Ueg.jpg
SF444240,True,mfh_DNR2gSgrlWc.jpg
SF444240,False,bath_a5t48en12Ek.jpg
SF444240,False,kit_IxBCafdQItg.jpg
SF343338,True,condo_1vMz2_MclrM.jpg
SF343338,False,bath_b8bBTyWj6gM.jpg
SF343338,False,kit_J77Yzq9_Hcg.jpg
SF752825,True,ths_dUCr-Zib-30.jpg
SF752825,False,bath_c56aJqJN_qs.jpg
SF752825,False,kit_JG5cNEhSwvg.jpg
SF980526,True,sfh_ns2Ai6cWTv0.jpg
SF980526,False,bath_d0WU6KSp918.jpg
SF980526,False,kit_JyeUdbb9TOg.jpg
SF663026,True,condo_21xbUDIN8ao.jpg
SF663026,False,bath_d5yfKfMSk9o.jpg
SF663026,False,kit_K5JI_wRQqY0.jpg
SF123745,True,condo_3-GXEUE_sCc.jpg
SF123745,False,bath_d77dHDIhOB4.jpg
SF123745,False,kit_LC-6Dnwo6_g.jpg
SF317295,True,condo_3CJAeBNi2YM.jpg
SF317295,False,bath_dB_usTnVQJE.jpg
SF317295,False,kit_Mr2sz24thbE.jpg
SF623028,True,condo_4YGsYQf7DNQ.jpg
SF623028,False,bath_dd9nbHGCJck.jpg
SF623028,False,kit_MvY303vrKR0.jpg
SF800224,True,ths_fReaYyffTxM.jpg
SF800224,False,bath_eXy5-E9Y5uE.jpg
SF800224,False,kit_OwDrI8qIYLM.jpg
SF200957,True,mfh_FIdMfOHoqUM.jpg
SF200957,False,bath_en9pOa2YAKI.jpg
SF200957,False,kit_Q2agE_ykjI0.jpg
SF775267,True,ths_fZdVat1ldlE.jpg
SF775267,False,bath_eoW38D7kq_Q.jpg
SF775267,False,kit_U1S7fDPMpf8.jpg
SF595967,True,condo_4xRP0Ajk9ys.jpg
SF595967,False,bath_f8rXXuctnSw.jpg
SF595967,False,kit_UIK8XJ6s54I.jpg
SF653954,True,condo_5O-KFVmKSjY.jpg
SF653954,False,bath_fAr1AZUoYLI.jpg
SF653954,False,kit_UPbYh3A5cdg.jpg
SF137502,True,condo_6I1TlhDhfX8.jpg
SF137502,False,bath_favDy5HiKCQ.jpg
SF137502,False,kit_UTsUqb_jPKc.jpg
SF180561,True,condo_6cFOz5A9ZoQ.jpg
SF180561,False,bath_ftjqFgBR7oI.jpg
SF180561,False,kit_UjfhPIONgik.jpg
SF168892,True,condo_7Kk8ONcAXqk.jpg
SF168892,False,bath_hTyek4FccJM.jpg
SF168892,False,kit_Uw4Z5jU_G-E.jpg
SF325203,True,ths_fpEB1eCqkx0.jpg
SF325203,False,bath_iXpuwXVuz8E.jpg
SF325203,False,kit_VYI9oIKl1wE.jpg
SF461975,True,ths_gBqNmxSxnAM.jpg
SF461975,False,bath_iXtriAA5HWk.jpg
SF461975,False,kit_Vcsizp5I0kk.jpg
SF920714,True,condo_8L3sarFsV8E.jpg
SF920714,False,bath_lWqmnx1DUSk.jpg
SF920714,False,kit_VgyN_CWXQVM.jpg
SF331259,True,mfh_FJgGzzDZh3o.jpg
SF331259,False,bath_lhIOmjqf728.jpg
SF331259,False,kit_Wch5uxE6ncM.jpg
SF689271,True,condo_9b7wGJQaScw.jpg
SF689271,False,bath_lq8FnmruSjo.jpg
SF689271,False,kit_XHZKjlnIJOs.jpg
SF384061,True,condo_Ava8oCm00B8.jpg
SF384061,False,bath_m78oBvRHBm0.jpg
SF384061,False,kit_Z8BtCOoJgjo.jpg
SF282169,True,sfh_r4bt3xNyRSw.jpg
SF282169,False,bath_mCWgrZS9p8g.jpg
SF282169,False,kit_Z8GlHfdn118.jpg
SF179761,True,condo_CQFZX-In0KI.jpg
SF179761,False,bath_n885FXAq1Bo.jpg
SF179761,False,kit_ZtQBm7Q1XWg.jpg
SF887443,True,sfh_rSZ_cp8_1Us.jpg
SF887443,False,bath_nDERc229LpE.jpg
SF887443,False,kit_ZuREP4hSY1c.jpg
SF914441,True,condo_Dua0qvBmBtY.jpg
SF914441,False,bath_odhBaZK4eA0.jpg
SF914441,False,kit__AK42TQRyCw.jpg
SF809866,True,condo_ErDrzSvSNv4.jpg
SF809866,False,bath_p9A8tpM93Hk.jpg
SF809866,False,kit__ddbqyJmdwA.jpg
SF499609,True,condo_HmHArS-HvNw.jpg
SF499609,False,bath_rodWEAfiJaY.jpg
SF499609,False,kit_ac7PbDFlx7M.jpg
SF621448,True,sfh_t51u2xAuWaY.jpg
SF621448,False,bath_tTWCj9QyyVE.jpg
SF621448,False,kit_b5QHeP4kamc.jpg
SF561256,True,condo_ImHGMkJ_Mvg.jpg
SF561256,False,bath_thpj-Xk0Qjo.jpg
SF561256,False,kit_bJOluIUkFzQ.jpg
SF746699,True,condo_JDBVXignFdA.jpg
SF746699,False,bath_tvtmoa6_rJE.jpg
SF746699,False,kit_cReV-cbE2L4.jpg
SF333993,True,mfh_FUTjPQXCL-M.jpg
SF333993,False,bath_uqWsLAr2dwE.jpg
SF333993,False,kit_cfNXvIrsbhM.jpg
SF310829,True,sfh_tyVuimFK7j0.jpg
SF310829,False,bath_uuHm2UOHRvk.jpg
SF310829,False,kit_d4ULeg3YXZM.jpg
SF398929,True,ths_hZE6VQVbMco.jpg
SF398929,False,bath_vF56dydV4FA.jpg
SF398929,False,kit_e4HlK1TPG9A.jpg
SF201426,True,ths_ixIsSy3zAyQ.jpg
SF201426,False,bath_vFU5eLArJmM.jpg
SF201426,False,kit_eEkAqh5L4h0.jpg
SF566679,True,condo_KYM5QsbRsxk.jpg
SF566679,False,bath_vYUkbsJ-Aq4.jpg
SF566679,False,kit_e_J73qui2bo.jpg
SF105357,True,condo_KjNvwujW58w.jpg
SF105357,False,bath_vkIgPbAIcoE.jpg
SF105357,False,kit_ghHkI5gS6os.jpg
SF146571,True,condo_LFlbLb8vJls.jpg
SF146571,False,bath_w8FEsHwwL10.jpg
SF146571,False,kit_hEqrwusR3Yo.jpg
SF695805,True,ths_kx-gbP7lMak.jpg
SF695805,False,bath_wCY8cjzVUAM.jpg
SF695805,False,kit_hNKl4PQNVNo.jpg
SF899440,True,condo_LZ3IQuhGbQE.jpg
SF899440,False,bath_yKqF8nuKPH8.jpg
SF899440,False,kit_hmz7nC5mEu4.jpg
SF550181,True,sfh_u4gADAmfrKI.jpg
SF550181,False,bath_yb9b2wbhxG4.jpg
SF550181,False,kit_iMZRBxo3hCs.jpg
SF505697,True,sfh_vzBm3YOs2po.jpg
SF505697,False,bath_yzuwRu_X6Dg.jpg
SF505697,False,kit_iUjIiP0sMTs.jpg
SF950977,True,mfh_FbKESavW4gE.jpg
SF950977,False,bath_zBX1enOFfig.jpg
SF950977,False,kit_j6QSUeiW6vo.jpg
SF734199,True,condo_Ps3VqTGfWhU.jpg
SF734199,False,bath_zYIUp9jf6nI.jpg
SF734199,False,kit_kDm04owPPEY.jpg
SF231004,True,sfh_x_OkWauCnmE.jpg
SF231004,False,bath_zp4pRAzc9Rs.jpg
SF231004,False,kit_kF3KNcoXQXY.jpg
SF308895,True,ths_ltDGY4GnnHE.jpg
SF308895,False,bath_zynOgAH8tAg.jpg
SF308895,False,kit_lGEdX8UjA9k.jpg
SF822652,True,ths_nrSzRUWqmoI.jpg
SF822652,False,bath_04R9dPTBYhw.jpg
SF822652,False,kit_lR7Zi4bEw1o.jpg
SF963989,True,sfh_yUPWFd4fH-w.jpg
SF963989,False,bath_1ABOGxHWrT8.jpg
SF963989,False,kit_mDc0WtyqMrk.jpg
SF235666,True,condo_Qe8eMrwTW5g.jpg
SF235666,False,bath_20HYgfVmSbA.jpg
SF235666,False,kit_mgykRhBYM30.jpg
SF427038,True,sfh_ykNBgspgK8U.jpg
SF427038,False,bath_2X9H1lD_k2Q.jpg
SF427038,False,kit_n8PYmwR6hf4.jpg
SF156295,True,mfh_Fcanz8wm-1U.jpg
SF156295,False,bath_2cCeopgMcwc.jpg
SF156295,False,kit_o-uPDNNSsDA.jpg
SF424695,True,condo_QlA5N4Vnp3g.jpg
SF424695,False,bath_3uvhNMx_mOI.jpg
SF424695,False,kit_otjzoLhzB4o.jpg
SF697604,True,condo_R5N6_0giS68.jpg
SF697604,False,bath_4bEhgiqWjek.jpg
SF697604,False,kit_sTy-Qs0dZsA.jpg
SF861096,True,mfh_Fiq341OZyMk.jpg
SF861096,False,bath_59YYIR-20xs.jpg
SF861096,False,kit_szG9kzMLcPE.jpg
SF193636,True,sfh_z_t3F1mFsxI.jpg
SF193636,False,bath_6BJu73-UJpg.jpg
SF193636,False,kit_tqksyXLp2mI.jpg
SF263875,True,sfh_-1zTWWTqEtA.jpg
SF263875,False,bath_6YEMkA-2ji8.jpg
SF263875,False,kit_uGak0qtrphM.jpg
SF553350,True,condo_SB3hlhAl2zc.jpg
SF553350,False,bath_7J2caL8Vy24.jpg
SF553350,False,kit_wN9xVhSXi_w.jpg
SF821273,True,sfh_-Vu2dBIVaSk.jpg
SF821273,False,bath_7Z2OTozIY_0.jpg
SF821273,False,kit_wWEQUGmbBrE.jpg
SF763762,True,condo_UlIj_qKpgCw.jpg
SF763762,False,bath_8RXUZg5h_QA.jpg
SF763762,False,kit_waqb5i0NrX8.jpg
SF340723,True,sfh_0PPtQ8nWYHQ.jpg
SF340723,False,bath_8WG4EXvdM4M.jpg
SF340723,False,kit_wnAuOZeYrzI.jpg
SF709669,True,sfh_1N2rpX7NhNw.jpg
SF709669,False,bath_8qsu9Ctnsk4.jpg
SF709669,False,kit_wpa4PI1DT_A.jpg
SF642898,True,sfh_2f1-T2EERtM.jpg
SF642898,False,bath_Aac7IlKnYX8.jpg
SF642898,False,kit_x1cPojx3CNs.jpg
SF987240,True,mfh_GBM6OycOWw8.jpg
SF987240,False,bath_C8a-9NQOY24.jpg
SF987240,False,kit_x64WAw1TIcQ.jpg
SF142812,True,sfh_2gPBKYGsMwc.jpg
SF142812,False,bath_CeQpzwT63pU.jpg
SF142812,False,kit_xYdS2lqto7I.jpg
SF548814,True,sfh_3AAyCMU5Ufg.jpg
SF548814,False,bath_D8ghwGaYQpw.jpg
SF548814,False,kit_ynVu56fpbN8.jpg
SF122366,True,mfh_GemMSIG5lWQ.jpg
SF122366,False,bath_Dk_o7KQyGkI.jpg
SF122366,False,kit_-Vfa35ueUCo.jpg
SF919737,True,sfh_45oV-f_1TiE.jpg
SF919737,False,bath_FiKcg6EMneY.jpg
SF919737,False,kit_1by_GbwEMwc.jpg
SF539146,True,ths_nzrfse4_WJw.jpg
SF539146,False,bath_Fuguvv3goCA.jpg
SF539146,False,kit_2G1peeUqNjE.jpg
SF921930,True,condo_WDUtNbot6Qw.jpg
SF921930,False,bath_G459ni0RpiM.jpg
SF921930,False,kit_2M3QePaxX6E.jpg
SF398868,True,ths_oxwz3CVMbmk.jpg
SF398868,False,bath_HWUfaQt6aLU.jpg
SF398868,False,kit_2ocL2PmZ-vA.jpg
SF516600,True,condo_WIPVrs5meCA.jpg
SF516600,False,bath_Ies-rhvusTs.jpg
SF516600,False,kit_3JdubjN5xTI.jpg
SF896007,True,sfh_7GkH_rn6LJw.jpg
SF896007,False,bath_If8wxqKqkQg.jpg
SF896007,False,kit_3gMTVySU4rs.jpg
SF145833,True,condo_WgkA3CSFrjc.jpg
SF145833,False,bath_J4CrMTu2YBc.jpg
SF145833,False,kit_3wj-jsav7iQ.jpg
SF670087,True,condo_Xp-w9H_tMOY.jpg
SF670087,False,bath_JLS-hsxIlYg.jpg
SF670087,False,kit_46xPT-w3m-k.jpg
SF955058,True,condo_Xph_EJ-22vE.jpg
SF955058,False,bath_M6a_MWnHJd4.jpg
SF955058,False,kit_4eLBXFahryk.jpg
SF911113,True,condo_YLEgdrSQP4U.jpg
SF911113,False,bath_MkOMgDhLpqU.jpg
SF911113,False,kit_587FXBjdako.jpg
SF770194,True,condo_YY139ZX_Zas.jpg
SF770194,False,bath_N03PjHWOEFA.jpg
SF770194,False,kit_5a0JBpFl22U.jpg
SF943544,True,condo__5AGnG4Mh5E.jpg
SF943544,False,bath_N9P3lkJvTIg.jpg
SF943544,False,kit_9j9b2L0qAYU.jpg
SF654429,True,condo_aPD1yNUYP0w.jpg
SF654429,False,bath_NBoqOuPgc0A.jpg
SF654429,False,kit_9vFTBI69Udo.jpg
SF577914,True,condo_b0DHABrkRcM.jpg
SF577914,False,bath_O-8VMFGgG_A.jpg
SF577914,False,kit_BdZPID68yjM.jpg
SF257067,True,sfh_7N0bW0a3ivM.jpg
SF257067,False,bath_ODU4mXpF-5I.jpg
SF257067,False,kit_BmqCwvRKAks.jpg
SF655457,True,condo_ciHrgv7HKZE.jpg
SF655457,False,bath_Ok8MRXNyEug.jpg
SF655457,False,kit_BxiOoyzu6-w.jpg
SF916901,True,condo_cnXTU42C0sg.jpg
SF916901,False,bath_Ou6pG_CEuZk.jpg
SF916901,False,kit_CwnPmtA2NHc.jpg
SF164474,True,condo_dAjb01pCoZ4.jpg
SF164474,False,bath_PibraWHb4h8.jpg
SF164474,False,kit_DJV40FsmPSg.jpg
SF177213,True,sfh_8BB3FxxabME.jpg
SF177213,False,bath_PoXaUHUa-Tg.jpg
SF177213,False,kit_EKUtjWUtPC0.jpg
SF958548,True,condo_eeoQBGB-pYg.jpg
SF958548,False,bath_Q6-CbUd2n3k.jpg
SF958548,False,kit_ERSaP9l-Mtw.jpg
SF923021,True,condo_f9O-1eKGlQM.jpg
SF923021,False,bath_Q_e30nHPfMU.jpg
SF923021,False,kit_FYnqaaBOI8k.jpg
SF920443,True,ths_p_9p0byGlpE.jpg
SF920443,False,bath_RMnc22CwVVA.jpg
SF920443,False,kit_G7sE2S4Lab4.jpg
SF251619,True,ths_phPoR3YzxLM.jpg
SF251619,False,bath_Rk3fgPWl-J4.jpg
SF251619,False,kit_GTWWwsjPFUs.jpg
SF445426,True,ths_t294_ZZP2pg.jpg
SF445426,False,bath_THFG10Ar8Ug.jpg
SF445426,False,kit_I58Xjx0zzBQ.jpg
SF431628,True,condo_fAbPOvMJgPA.jpg
SF431628,False,bath_VCUbsNJdZpQ.jpg
SF431628,False,kit_IIy2d0-0Ueg.jpg
SF537995,True,condo_iUjIiP0sMTs.jpg
SF537995,False,bath_Wj5niePWnvQ.jpg
SF537995,False,kit_IxBCafdQItg.jpg
SF219143,True,condo_kx-gbP7lMak.jpg
SF219143,False,bath_YCW4BEhKluw.jpg
SF219143,False,kit_J77Yzq9_Hcg.jpg
SF362836,True,ths_tHOYEWuIsjQ.jpg
SF362836,False,bath_Z-vTboPNGSo.jpg
SF362836,False,kit_JG5cNEhSwvg.jpg
SF876169,True,condo_l6u4GIKvxBs.jpg
SF876169,False,bath_ZDB00w2d5hY.jpg
SF876169,False,kit_JyeUdbb9TOg.jpg
SF596441,True,condo_lLDh9JppH2c.jpg
SF596441,False,bath_ZGUtbYmOGZE.jpg
SF596441,False,kit_K5JI_wRQqY0.jpg
SF145045,True,condo_mw_mj-noYHM.jpg
SF145045,False,bath_ZIu4he3R2yQ.jpg
SF145045,False,kit_LC-6Dnwo6_g.jpg
SF476757,True,sfh_FIdMfOHoqUM.jpg
SF476757,False,bath_ZJghebNZhDk.jpg
SF476757,False,kit_Mr2sz24thbE.jpg
SF792770,True,sfh_FJgGzzDZh3o.jpg
SF792770,False,bath_ZZT1NLPKjZE.jpg
SF792770,False,kit_MvY303vrKR0.jpg
SF657684,True,sfh_FOEH75tqmSw.jpg
SF657684,False,bath__zrnJ3_bzlo.jpg
SF657684,False,kit_OwDrI8qIYLM.jpg
SF960481,True,condo_n9CzpBTNElo.jpg
SF960481,False,bath_a5t48en12Ek.jpg
SF960481,False,kit_Q2agE_ykjI0.jpg
SF176503,True,sfh_FUTjPQXCL-M.jpg
SF176503,False,bath_b8bBTyWj6gM.jpg
SF176503,False,kit_U1S7fDPMpf8.jpg
SF110293,True,mfh_H5moqYgDEiA.jpg
SF110293,False,bath_c56aJqJN_qs.jpg
SF110293,False,kit_UIK8XJ6s54I.jpg
SF894212,True,ths_tRPE-RRfoJY.jpg
SF894212,False,bath_d0WU6KSp918.jpg
SF894212,False,kit_UPbYh3A5cdg.jpg
SF670397,True,condo_oMB1rr7j-H8.jpg
SF670397,False,bath_d5yfKfMSk9o.jpg
SF670397,False,kit_UTsUqb_jPKc.jpg
SF168824,True,condo_rYBjSLwrfdU.jpg
SF168824,False,bath_d77dHDIhOB4.jpg
SF168824,False,kit_UjfhPIONgik.jpg
SF928200,True,condo_szG9kzMLcPE.jpg
SF928200,False,bath_dB_usTnVQJE.jpg
SF928200,False,kit_Uw4Z5jU_G-E.jpg
SF933994,True,condo_tHkJAMcO3QE.jpg
SF933994,False,bath_dd9nbHGCJck.jpg
SF933994,False,kit_VYI9oIKl1wE.jpg
SF306799,True,sfh_FbKESavW4gE.jpg
SF306799,False,bath_eXy5-E9Y5uE.jpg
SF306799,False,kit_Vcsizp5I0kk.jpg
SF663520,True,sfh_Fcanz8wm-1U.jpg
SF663520,False,bath_en9pOa2YAKI.jpg
SF663520,False,kit_VgyN_CWXQVM.jpg
SF356139,True,condo_u-RIsXlI8Q8.jpg
SF356139,False,bath_eoW38D7kq_Q.jpg
SF356139,False,kit_Wch5uxE6ncM.jpg
SF955208,True,sfh_FjHIWqNqpVs.jpg
SF955208,False,bath_f8rXXuctnSw.jpg
SF955208,False,kit_XHZKjlnIJOs.jpg
SF497599,True,condo_vz9IbCAXHKQ.jpg
SF497599,False,bath_fAr1AZUoYLI.jpg
SF497599,False,kit_Z8BtCOoJgjo.jpg
SF429864,True,condo_w1w7sQ8md0I.jpg
SF429864,False,bath_favDy5HiKCQ.jpg
SF429864,False,kit_Z8GlHfdn118.jpg
SF961173,True,sfh_G3-35-ET-HA.jpg
SF961173,False,bath_ftjqFgBR7oI.jpg
SF961173,False,kit_ZtQBm7Q1XWg.jpg
SF338938,True,sfh_HadloobmnQs.jpg
SF338938,False,bath_hTyek4FccJM.jpg
SF338938,False,kit_ZuREP4hSY1c.jpg
SF911442,True,condo_wFc7CtVNAIE.jpg
SF911442,False,bath_iXpuwXVuz8E.jpg
SF911442,False,kit__AK42TQRyCw.jpg
SF302423,True,sfh_I-rF9EqWEEM.jpg
SF302423,False,bath_iXtriAA5HWk.jpg
SF302423,False,kit__ddbqyJmdwA.jpg
SF228733,True,mfh_HrDzlGEudAY.jpg
SF228733,False,bath_lWqmnx1DUSk.jpg
SF228733,False,kit_ac7PbDFlx7M.jpg
SF183688,True,mfh_I-rF9EqWEEM.jpg
SF183688,False,bath_lhIOmjqf728.jpg
SF183688,False,kit_b5QHeP4kamc.jpg
SF982163,True,condo_y8e2n6eCXmo.jpg
SF982163,False,bath_lq8FnmruSjo.jpg
SF982163,False,kit_bJOluIUkFzQ.jpg
SF725170,True,mfh_IGFFFcfWmDk.jpg
SF725170,False,bath_m78oBvRHBm0.jpg
SF725170,False,kit_cReV-cbE2L4.jpg
SF617603,True,sfh_J4M-9YrqJ40.jpg
SF617603,False,bath_mCWgrZS9p8g.jpg
SF617603,False,kit_cfNXvIrsbhM.jpg
SF371843,True,mfh_J4M-9YrqJ40.jpg
SF371843,False,bath_n885FXAq1Bo.jpg
SF371843,False,kit_d4ULeg3YXZM.jpg
SF154929,True,condo_yFsop3bwYoA.jpg
SF154929,False,bath_nDERc229LpE.jpg
SF154929,False,kit_e4HlK1TPG9A.jpg
SF293557,True,mfh_JZTJz8jcTDU.jpg
SF293557,False,bath_odhBaZK4eA0.jpg
SF293557,False,kit_eEkAqh5L4h0.jpg
SF454814,True,sfh_K-i0Oy5Mb_o.jpg
SF454814,False,bath_p9A8tpM93Hk.jpg
SF454814,False,kit_e_J73qui2bo.jpg
SF580700,True,condo_yzkTCP4uc9E.jpg
SF580700,False,bath_rodWEAfiJaY.jpg
SF580700,False,kit_ghHkI5gS6os.jpg
SF329431,True,sfh_LBo8KX84t7o.jpg
SF329431,False,bath_tTWCj9QyyVE.jpg
SF329431,False,kit_hEqrwusR3Yo.jpg
SF425180,True,condo_-Vfa35ueUCo.jpg
SF425180,False,bath_thpj-Xk0Qjo.jpg
SF425180,False,kit_hNKl4PQNVNo.jpg
SF413614,True,sfh_LErk0lPlbG0.jpg
SF413614,False,bath_tvtmoa6_rJE.jpg
SF413614,False,kit_hmz7nC5mEu4.jpg
SF960668,True,condo_0tVimluL_ls.jpg
SF960668,False,bath_uqWsLAr2dwE.jpg
SF960668,False,kit_iMZRBxo3hCs.jpg
SF847235,True,ths_uYYdOo7Ra9w.jpg
SF847235,False,bath_uuHm2UOHRvk.jpg
SF847235,False,kit_iUjIiP0sMTs.jpg
SF244061,True,sfh_MgZRW4UT6t0.jpg
SF244061,False,bath_vF56dydV4FA.jpg
SF244061,False,kit_j6QSUeiW6vo.jpg
SF509664,True,condo_1vMz2_MclrM.jpg
SF509664,False,bath_vFU5eLArJmM.jpg
SF509664,False,kit_kDm04owPPEY.jpg
SF115186,True,ths_xb10QP8rWks.jpg
SF115186,False,bath_vYUkbsJ-Aq4.jpg
SF115186,False,kit_kF3KNcoXQXY.jpg
SF684493,True,ths_zVCHXZ_64CM.jpg
SF684493,False,bath_vkIgPbAIcoE.jpg
SF684493,False,kit_lGEdX8UjA9k.jpg
SF331784,True,condo_21xbUDIN8ao.jpg
SF331784,False,bath_w8FEsHwwL10.jpg
SF331784,False,kit_lR7Zi4bEw1o.jpg
SF963724,True,condo_3-GXEUE_sCc.jpg
SF963724,False,bath_wCY8cjzVUAM.jpg
SF963724,False,kit_mDc0WtyqMrk.jpg
SF764940,True,mfh_K-i0Oy5Mb_o.jpg
SF764940,False,bath_yKqF8nuKPH8.jpg
SF764940,False,kit_mgykRhBYM30.jpg
SF313923,True,sfh_NTxbt7mwgoE.jpg
SF313923,False,bath_yb9b2wbhxG4.jpg
SF313923,False,kit_n8PYmwR6hf4.jpg
SF454955,True,condo_3CJAeBNi2YM.jpg
SF454955,False,bath_yzuwRu_X6Dg.jpg
SF454955,False,kit_o-uPDNNSsDA.jpg
SF487218,True,condo_4YGsYQf7DNQ.jpg
SF487218,False,bath_zBX1enOFfig.jpg
SF487218,False,kit_otjzoLhzB4o.jpg
SF424321,True,condo_4xRP0Ajk9ys.jpg
SF424321,False,bath_zYIUp9jf6nI.jpg
SF424321,False,kit_sTy-Qs0dZsA.jpg
SF551331,True,condo_5O-KFVmKSjY.jpg
SF551331,False,bath_zp4pRAzc9Rs.jpg
SF551331,False,kit_szG9kzMLcPE.jpg
SF338926,True,sfh_NgX_u6i2Sx0.jpg
SF338926,False,bath_zynOgAH8tAg.jpg
SF338926,False,kit_tqksyXLp2mI.jpg
SF953214,True,ths_zXfCrYNbGFE.jpg
SF953214,False,bath_04R9dPTBYhw.jpg
SF953214,False,kit_uGak0qtrphM.jpg
SF369671,True,mfh_K4Hn6SPRFOA.jpg
SF369671,False,bath_1ABOGxHWrT8.jpg
SF369671,False,kit_wN9xVhSXi_w.jpg
SF286592,True,condo_6I1TlhDhfX8.jpg
SF286592,False,bath_20HYgfVmSbA.jpg
SF286592,False,kit_wWEQUGmbBrE.jpg
SF872648,True,condo_6cFOz5A9ZoQ.jpg
SF872648,False,bath_2X9H1lD_k2Q.jpg
SF872648,False,kit_waqb5i0NrX8.jpg
SF653247,True,condo_7Kk8ONcAXqk.jpg
SF653247,False,bath_2cCeopgMcwc.jpg
SF653247,False,kit_wnAuOZeYrzI.jpg
SF296501,True,condo_8L3sarFsV8E.jpg
SF296501,False,bath_3uvhNMx_mOI.jpg
SF296501,False,kit_wpa4PI1DT_A.jpg
SF511961,True,condo_9b7wGJQaScw.jpg
SF511961,False,bath_4bEhgiqWjek.jpg
SF511961,False,kit_x1cPojx3CNs.jpg
SF873632,True,condo_Ava8oCm00B8.jpg
SF873632,False,bath_59YYIR-20xs.jpg
SF873632,False,kit_x64WAw1TIcQ.jpg
SF626417,True,condo_CQFZX-In0KI.jpg
SF626417,False,bath_6BJu73-UJpg.jpg
SF626417,False,kit_xYdS2lqto7I.jpg
SF181202,True,sfh_Nh81vA19t68.jpg
SF181202,False,bath_6YEMkA-2ji8.jpg
SF181202,False,kit_ynVu56fpbN8.jpg
SF482140,True,sfh_NmVnsp13JYc.jpg
SF482140,False,bath_7J2caL8Vy24.jpg
SF482140,False,kit_-Vfa35ueUCo.jpg
SF228992,True,mfh_L3eIzgobYPU.jpg
SF228992,False,bath_7Z2OTozIY_0.jpg
SF228992,False,kit_1by_GbwEMwc.jpg
SF456100,True,mfh_LBo8KX84t7o.jpg
SF456100,False,bath_8RXUZg5h_QA.jpg
SF456100,False,kit_2G1peeUqNjE.jpg
SF951496,True,condo_Dua0qvBmBtY.jpg
SF951496,False,bath_8WG4EXvdM4M.jpg
SF951496,False,kit_2M3QePaxX6E.jpg
SF991779,True,condo_ErDrzSvSNv4.jpg
SF991779,False,bath_8qsu9Ctnsk4.jpg
SF991779,False,kit_2ocL2PmZ-vA.jpg
SF831412,True,condo_HmHArS-HvNw.jpg
SF831412,False,bath_Aac7IlKnYX8.jpg
SF831412,False,kit_3JdubjN5xTI.jpg
SF763406,True,sfh_O7Dpx2avGyw.jpg
SF763406,False,bath_C8a-9NQOY24.jpg
SF763406,False,kit_3gMTVySU4rs.jpg
SF352080,True,condo_ImHGMkJ_Mvg.jpg
SF352080,False,bath_CeQpzwT63pU.jpg
SF352080,False,kit_3wj-jsav7iQ.jpg
SF818958,True,sfh_SQ3iMGteT6s.jpg
SF818958,False,bath_D8ghwGaYQpw.jpg
SF818958,False,kit_46xPT-w3m-k.jpg
SF808538,True,mfh_MgZRW4UT6t0.jpg
SF808538,False,bath_Dk_o7KQyGkI.jpg
SF808538,False,kit_4eLBXFahryk.jpg
SF400789,True,condo_JDBVXignFdA.jpg
SF400789,False,bath_FiKcg6EMneY.jpg
SF400789,False,kit_587FXBjdako.jpg
SF858332,True,mfh_MoL3tAxeyHU.jpg
SF858332,False,bath_Fuguvv3goCA.jpg
SF858332,False,kit_5a0JBpFl22U.jpg
SF297753,True,sfh_Se9N2dUOvMY.jpg
SF297753,False,bath_G459ni0RpiM.jpg
SF297753,False,kit_9j9b2L0qAYU.jpg
SF575646,True,condo_KYM5QsbRsxk.jpg
SF575646,False,bath_HWUfaQt6aLU.jpg
SF575646,False,kit_9vFTBI69Udo.jpg
SF407448,True,mfh_NTxbt7mwgoE.jpg
SF407448,False,bath_Ies-rhvusTs.jpg
SF407448,False,kit_BdZPID68yjM.jpg
SF160078,True,ths_zuJLTgQ53_Q.jpg
SF160078,False,bath_If8wxqKqkQg.jpg
SF160078,False,kit_BmqCwvRKAks.jpg
SF820650,True,ths_-VmDNbwUKMA.jpg
SF820650,False,bath_J4CrMTu2YBc.jpg
SF820650,False,kit_BxiOoyzu6-w.jpg
SF317107,True,sfh_ShMXVbvoaOo.jpg
SF317107,False,bath_JLS-hsxIlYg.jpg
SF317107,False,kit_CwnPmtA2NHc.jpg
SF507561,True,condo_KjNvwujW58w.jpg
SF507561,False,bath_M6a_MWnHJd4.jpg
SF507561,False,kit_DJV40FsmPSg.jpg
SF469922,True,sfh_TX6dBiMwBV0.jpg
SF469922,False,bath_MkOMgDhLpqU.jpg
SF469922,False,kit_EKUtjWUtPC0.jpg
SF103466,True,condo_LFlbLb8vJls.jpg
SF103466,False,bath_N03PjHWOEFA.jpg
SF103466,False,kit_ERSaP9l-Mtw.jpg
SF709760,True,sfh_W3pXpFeDxjo.jpg
SF709760,False,bath_N9P3lkJvTIg.jpg
SF709760,False,kit_FYnqaaBOI8k.jpg
SF164579,True,sfh_WvkEiDEMshM.jpg
SF164579,False,bath_NBoqOuPgc0A.jpg
SF164579,False,kit_G7sE2S4Lab4.jpg
SF213792,True,ths_0IFb_xFEdHY.jpg
SF213792,False,bath_O-8VMFGgG_A.jpg
SF213792,False,kit_GTWWwsjPFUs.jpg
SF946270,True,condo_LZ3IQuhGbQE.jpg
SF946270,False,bath_ODU4mXpF-5I.jpg
SF946270,False,kit_I58Xjx0zzBQ.jpg
SF565356,True,condo_Ps3VqTGfWhU.jpg
SF565356,False,bath_Ok8MRXNyEug.jpg
SF565356,False,kit_IIy2d0-0Ueg.jpg
SF793194,True,condo_Qe8eMrwTW5g.jpg
SF793194,False,bath_Ou6pG_CEuZk.jpg
SF793194,False,kit_IxBCafdQItg.jpg
SF644266,True,condo_QlA5N4Vnp3g.jpg
SF644266,False,bath_PibraWHb4h8.jpg
SF644266,False,kit_J77Yzq9_Hcg.jpg
SF414815,True,mfh_NgX_u6i2Sx0.jpg
SF414815,False,bath_PoXaUHUa-Tg.jpg
SF414815,False,kit_JG5cNEhSwvg.jpg
SF122384,True,sfh_XFQuzV6WXls.jpg
SF122384,False,bath_Q6-CbUd2n3k.jpg
SF122384,False,kit_JyeUdbb9TOg.jpg
SF174947,True,sfh_YRjJsGRIUeM.jpg
SF174947,False,bath_Q_e30nHPfMU.jpg
SF174947,False,kit_K5JI_wRQqY0.jpg
SF481145,True,condo_R5N6_0giS68.jpg
SF481145,False,bath_RMnc22CwVVA.jpg
SF481145,False,kit_LC-6Dnwo6_g.jpg
SF887382,True,ths_0J7Fm1poa5k.jpg
SF887382,False,bath_Rk3fgPWl-J4.jpg
SF887382,False,kit_Mr2sz24thbE.jpg
SF994676,True,sfh_YlgnN7zVQts.jpg
SF994676,False,bath_THFG10Ar8Ug.jpg
SF994676,False,kit_MvY303vrKR0.jpg
SF698524,True,mfh_Norc3VZfLqI.jpg
SF698524,False,bath_VCUbsNJdZpQ.jpg
SF698524,False,kit_OwDrI8qIYLM.jpg
SF552033,True,condo_SB3hlhAl2zc.jpg
SF552033,False,bath_Wj5niePWnvQ.jpg
SF552033,False,kit_Q2agE_ykjI0.jpg
SF278256,True,ths_1RFsSKIgMIc.jpg
SF278256,False,bath_YCW4BEhKluw.jpg
SF278256,False,kit_U1S7fDPMpf8.jpg
SF762373,True,condo_UlIj_qKpgCw.jpg
SF762373,False,bath_Z-vTboPNGSo.jpg
SF762373,False,kit_UIK8XJ6s54I.jpg
SF138152,True,sfh_ZsKR2QGF8GI.jpg
SF138152,False,bath_ZDB00w2d5hY.jpg
SF138152,False,kit_UPbYh3A5cdg.jpg
SF700032,True,condo_WDUtNbot6Qw.jpg
SF700032,False,bath_ZGUtbYmOGZE.jpg
SF700032,False,kit_UTsUqb_jPKc.jpg
SF828760,True,condo_WIPVrs5meCA.jpg
SF828760,False,bath_ZIu4he3R2yQ.jpg
SF828760,False,kit_UjfhPIONgik.jpg
SF148053,True,ths_30ODO5baYZQ.jpg
SF148053,False,bath_ZJghebNZhDk.jpg
SF148053,False,kit_Uw4Z5jU_G-E.jpg
SF719480,True,condo_WgkA3CSFrjc.jpg
SF719480,False,bath_ZZT1NLPKjZE.jpg
SF719480,False,kit_VYI9oIKl1wE.jpg
SF368645,True,condo_Xp-w9H_tMOY.jpg
SF368645,False,bath__zrnJ3_bzlo.jpg
SF368645,False,kit_Vcsizp5I0kk.jpg
SF709080,True,condo_Xph_EJ-22vE.jpg
SF709080,False,bath_a5t48en12Ek.jpg
SF709080,False,kit_VgyN_CWXQVM.jpg
SF341211,True,ths_5O-KFVmKSjY.jpg
SF341211,False,bath_b8bBTyWj6gM.jpg
SF341211,False,kit_Wch5uxE6ncM.jpg
SF703899,True,mfh_O7Dpx2avGyw.jpg
SF703899,False,bath_c56aJqJN_qs.jpg
SF703899,False,kit_XHZKjlnIJOs.jpg
SF944226,True,condo_YLEgdrSQP4U.jpg
SF944226,False,bath_d0WU6KSp918.jpg
SF944226,False,kit_Z8BtCOoJgjo.jpg
SF754094,True,sfh__dcBEkOkyQE.jpg
SF754094,False,bath_d5yfKfMSk9o.jpg
SF754094,False,kit_Z8GlHfdn118.jpg
SF988557,True,condo_YY139ZX_Zas.jpg
SF988557,False,bath_d77dHDIhOB4.jpg
SF988557,False,kit_ZtQBm7Q1XWg.jpg
SF256449,True,ths_5Z6XRKHc98g.jpg
SF256449,False,bath_dB_usTnVQJE.jpg
SF256449,False,kit_ZuREP4hSY1c.jpg
SF834674,True,condo__5AGnG4Mh5E.jpg
SF834674,False,bath_dd9nbHGCJck.jpg
SF834674,False,kit__AK42TQRyCw.jpg
SF759632,True,condo_aPD1yNUYP0w.jpg
SF759632,False,bath_eXy5-E9Y5uE.jpg
SF759632,False,kit__ddbqyJmdwA.jpg
SF435830,True,sfh_bKAVCSjN0nU.jpg
SF435830,False,bath_en9pOa2YAKI.jpg
SF435830,False,kit_ac7PbDFlx7M.jpg
SF797858,True,condo_b0DHABrkRcM.jpg
SF797858,False,bath_eoW38D7kq_Q.jpg
SF797858,False,kit_b5QHeP4kamc.jpg
SF460367,True,mfh_OGIAx7hT2hA.jpg
SF460367,False,bath_f8rXXuctnSw.jpg
SF460367,False,kit_bJOluIUkFzQ.jpg
SF801537,True,condo_ciHrgv7HKZE.jpg
SF801537,False,bath_fAr1AZUoYLI.jpg
SF801537,False,kit_cReV-cbE2L4.jpg
SF790273,True,condo_cnXTU42C0sg.jpg
SF790273,False,bath_favDy5HiKCQ.jpg
SF790273,False,kit_cfNXvIrsbhM.jpg
SF455575,True,condo_dAjb01pCoZ4.jpg
SF455575,False,bath_ftjqFgBR7oI.jpg
SF455575,False,kit_d4ULeg3YXZM.jpg
SF633985,True,ths_5udBKkXTUK8.jpg
SF633985,False,bath_hTyek4FccJM.jpg
SF633985,False,kit_e4HlK1TPG9A.jpg
SF517265,True,condo_eeoQBGB-pYg.jpg
SF517265,False,bath_iXpuwXVuz8E.jpg
SF517265,False,kit_eEkAqh5L4h0.jpg
SF955196,True,ths_6zrKk8H5qUU.jpg
SF955196,False,bath_iXtriAA5HWk.jpg
SF955196,False,kit_e_J73qui2bo.jpg
SF975589,True,sfh_bN-7tqSMr88.jpg
SF975589,False,bath_lWqmnx1DUSk.jpg
SF975589,False,kit_ghHkI5gS6os.jpg
SF591425,True,ths_74S7ErO7Ghk.jpg
SF591425,False,bath_lhIOmjqf728.jpg
SF591425,False,kit_hEqrwusR3Yo.jpg
SF745886,True,condo_f9O-1eKGlQM.jpg
SF745886,False,bath_lq8FnmruSjo.jpg
SF745886,False,kit_hNKl4PQNVNo.jpg
SF756255,True,sfh_bTD6SgQlhKE.jpg
SF756255,False,bath_m78oBvRHBm0.jpg
SF756255,False,kit_hmz7nC5mEu4.jpg
SF882544,True,ths_9IinInWVU4k.jpg
SF882544,False,bath_mCWgrZS9p8g.jpg
SF882544,False,kit_iMZRBxo3hCs.jpg
SF680864,True,condo_fAbPOvMJgPA.jpg
SF680864,False,bath_n885FXAq1Bo.jpg
SF680864,False,kit_iUjIiP0sMTs.jpg
SF828376,True,sfh_cbTb-qDQX80.jpg
SF828376,False,bath_nDERc229LpE.jpg
SF828376,False,kit_j6QSUeiW6vo.jpg
SF565858,True,condo_iUjIiP0sMTs.jpg
SF565858,False,bath_odhBaZK4eA0.jpg
SF565858,False,kit_kDm04owPPEY.jpg
SF788320,True,ths_9ofVFD5grWI.jpg
SF788320,False,bath_p9A8tpM93Hk.jpg
SF788320,False,kit_kF3KNcoXQXY.jpg
SF192450,True,condo_kx-gbP7lMak.jpg
SF192450,False,bath_rodWEAfiJaY.jpg
SF192450,False,kit_lGEdX8UjA9k.jpg
SF158167,True,ths_E1NWTbYYofk.jpg
SF158167,False,bath_tTWCj9QyyVE.jpg
SF158167,False,kit_lR7Zi4bEw1o.jpg
SF441477,True,condo_l6u4GIKvxBs.jpg
SF441477,False,bath_thpj-Xk0Qjo.jpg
SF441477,False,kit_mDc0WtyqMrk.jpg
SF470350,True,ths_EKYawwTpUSQ.jpg
SF470350,False,bath_tvtmoa6_rJE.jpg
SF470350,False,kit_mgykRhBYM30.jpg
SF414909,True,condo_lLDh9JppH2c.jpg
SF414909,False,bath_uqWsLAr2dwE.jpg
SF414909,False,kit_n8PYmwR6hf4.jpg
SF942756,True,mfh_QlBG1hIi02g.jpg
SF942756,False,bath_uuHm2UOHRvk.jpg
SF942756,False,kit_o-uPDNNSsDA.jpg
SF608478,True,condo_mw_mj-noYHM.jpg
SF608478,False,bath_vF56dydV4FA.jpg
SF608478,False,kit_otjzoLhzB4o.jpg
SF343108,True,condo_n9CzpBTNElo.jpg
SF343108,False,bath_vFU5eLArJmM.jpg
SF343108,False,kit_sTy-Qs0dZsA.jpg
SF577209,True,sfh_dAvFTeKneyk.jpg
SF577209,False,bath_vYUkbsJ-Aq4.jpg
SF577209,False,kit_szG9kzMLcPE.jpg
SF417631,True,mfh_Se9N2dUOvMY.jpg
SF417631,False,bath_vkIgPbAIcoE.jpg
SF417631,False,kit_tqksyXLp2mI.jpg
SF587660,True,ths_EmnBWeMp_aQ.jpg
SF587660,False,bath_w8FEsHwwL10.jpg
SF587660,False,kit_uGak0qtrphM.jpg
SF845191,True,condo_oMB1rr7j-H8.jpg
SF845191,False,bath_wCY8cjzVUAM.jpg
SF845191,False,kit_wN9xVhSXi_w.jpg
SF482275,True,condo_rYBjSLwrfdU.jpg
SF482275,False,bath_yKqF8nuKPH8.jpg
SF482275,False,kit_wWEQUGmbBrE.jpg
SF278938,True,condo_szG9kzMLcPE.jpg
SF278938,False,bath_yb9b2wbhxG4.jpg
SF278938,False,kit_waqb5i0NrX8.jpg
SF890001,True,ths_FOSg2A5NdQ8.jpg
SF890001,False,bath_yzuwRu_X6Dg.jpg
SF890001,False,kit_wnAuOZeYrzI.jpg
SF222623,True,condo_tHkJAMcO3QE.jpg
SF222623,False,bath_zBX1enOFfig.jpg
SF222623,False,kit_wpa4PI1DT_A.jpg
SF736466,True,ths_H1SEUz5oxjo.jpg
SF736466,False,bath_zYIUp9jf6nI.jpg
SF736466,False,kit_x1cPojx3CNs.jpg
SF803797,True,sfh_dMpJ3bP8D9w.jpg
SF803797,False,bath_zp4pRAzc9Rs.jpg
SF803797,False,kit_x64WAw1TIcQ.jpg
SF672075,True,condo_u-RIsXlI8Q8.jpg
SF672075,False,bath_zynOgAH8tAg.jpg
SF672075,False,kit_xYdS2lqto7I.jpg
SF630172,True,sfh_fn6x1TL290w.jpg
SF630172,False,bath_04R9dPTBYhw.jpg
SF630172,False,kit_ynVu56fpbN8.jpg
SF805866,True,ths_Hs_NoDtXysE.jpg
SF805866,False,bath_1ABOGxHWrT8.jpg
SF805866,False,kit_-Vfa35ueUCo.jpg
SF441363,True,condo_vz9IbCAXHKQ.jpg
SF441363,False,bath_20HYgfVmSbA.jpg
SF441363,False,kit_1by_GbwEMwc.jpg
SF825893,True,sfh_ivD2QRl8KfQ.jpg
SF825893,False,bath_2X9H1lD_k2Q.jpg
SF825893,False,kit_2G1peeUqNjE.jpg
SF618945,True,condo_w1w7sQ8md0I.jpg
SF618945,False,bath_2cCeopgMcwc.jpg
SF618945,False,kit_2M3QePaxX6E.jpg
SF666808,True,ths_IOWG5lg7BWc.jpg
SF666808,False,bath_3uvhNMx_mOI.jpg
SF666808,False,kit_2ocL2PmZ-vA.jpg
SF248004,True,sfh_j1lLBlbEMTo.jpg
SF248004,False,bath_4bEhgiqWjek.jpg
SF248004,False,kit_3JdubjN5xTI.jpg
SF514879,True,sfh_jOGgTu1uuoA.jpg
SF514879,False,bath_59YYIR-20xs.jpg
SF514879,False,kit_3gMTVySU4rs.jpg
SF399280,True,sfh_lx-FLZx3iQk.jpg
SF399280,False,bath_6BJu73-UJpg.jpg
SF399280,False,kit_3wj-jsav7iQ.jpg
SF346126,True,sfh_mD5xhIwVFkY.jpg
SF346126,False,bath_6YEMkA-2ji8.jpg
SF346126,False,kit_46xPT-w3m-k.jpg
SF565358,True,sfh_nbf9DiDvLeU.jpg
SF565358,False,bath_7J2caL8Vy24.jpg
SF565358,False,kit_4eLBXFahryk.jpg
SF389750,True,condo_wFc7CtVNAIE.jpg
SF389750,False,bath_7Z2OTozIY_0.jpg
SF389750,False,kit_587FXBjdako.jpg
SF487008,True,condo_y8e2n6eCXmo.jpg
SF487008,False,bath_8RXUZg5h_QA.jpg
SF487008,False,kit_5a0JBpFl22U.jpg
SF815411,True,sfh_ns2Ai6cWTv0.jpg
SF815411,False,bath_8WG4EXvdM4M.jpg
SF815411,False,kit_9j9b2L0qAYU.jpg
SF701216,True,ths_Jo2bCJgitPE.jpg
SF701216,False,bath_8qsu9Ctnsk4.jpg
SF701216,False,kit_9vFTBI69Udo.jpg
SF356262,True,mfh_ShMXVbvoaOo.jpg
SF356262,False,bath_Aac7IlKnYX8.jpg
SF356262,False,kit_BdZPID68yjM.jpg
SF233095,True,condo_yFsop3bwYoA.jpg
SF233095,False,bath_C8a-9NQOY24.jpg
SF233095,False,kit_BmqCwvRKAks.jpg
SF776933,True,ths_KjNvwujW58w.jpg
SF776933,False,bath_CeQpzwT63pU.jpg
SF776933,False,kit_BxiOoyzu6-w.jpg
SF380457,True,ths_Mgq3t1HyDWU.jpg
SF380457,False,bath_D8ghwGaYQpw.jpg
SF380457,False,kit_CwnPmtA2NHc.jpg
SF134088,True,condo_yzkTCP4uc9E.jpg
SF134088,False,bath_Dk_o7KQyGkI.jpg
SF134088,False,kit_DJV40FsmPSg.jpg
SF193354,True,sfh_r4bt3xNyRSw.jpg
SF193354,False,bath_FiKcg6EMneY.jpg
SF193354,False,kit_EKUtjWUtPC0.jpg
SF430876,True,condo_-Vfa35ueUCo.jpg
SF430876,False,bath_Fuguvv3goCA.jpg
SF430876,False,kit_ERSaP9l-Mtw.jpg
SF736357,True,condo_0tVimluL_ls.jpg
SF736357,False,bath_G459ni0RpiM.jpg
SF736357,False,kit_FYnqaaBOI8k.jpg
SF278814,True,condo_1vMz2_MclrM.jpg
SF278814,False,bath_HWUfaQt6aLU.jpg
SF278814,False,kit_G7sE2S4Lab4.jpg
SF754935,True,condo_21xbUDIN8ao.jpg
SF754935,False,bath_Ies-rhvusTs.jpg
SF754935,False,kit_GTWWwsjPFUs.jpg
SF437546,True,sfh_rSZ_cp8_1Us.jpg
SF437546,False,bath_If8wxqKqkQg.jpg
SF437546,False,kit_I58Xjx0zzBQ.jpg
SF617386,True,condo_3-GXEUE_sCc.jpg
SF617386,False,bath_J4CrMTu2YBc.jpg
SF617386,False,kit_IIy2d0-0Ueg.jpg
SF489093,True,condo_3CJAeBNi2YM.jpg
SF489093,False,bath_JLS-hsxIlYg.jpg
SF489093,False,kit_IxBCafdQItg.jpg
SF835803,True,condo_4YGsYQf7DNQ.jpg
SF835803,False,bath_M6a_MWnHJd4.jpg
SF835803,False,kit_J77Yzq9_Hcg.jpg
SF812563,True,condo_4xRP0Ajk9ys.jpg
SF812563,False,bath_MkOMgDhLpqU.jpg
SF812563,False,kit_JG5cNEhSwvg.jpg
SF468057,True,condo_5O-KFVmKSjY.jpg
SF468057,False,bath_N03PjHWOEFA.jpg
SF468057,False,kit_JyeUdbb9TOg.jpg
SF351935,True,condo_6I1TlhDhfX8.jpg
SF351935,False,bath_N9P3lkJvTIg.jpg
SF351935,False,kit_K5JI_wRQqY0.jpg
SF895980,True,condo_6cFOz5A9ZoQ.jpg
SF895980,False,bath_NBoqOuPgc0A.jpg
SF895980,False,kit_LC-6Dnwo6_g.jpg
SF618344,True,condo_7Kk8ONcAXqk.jpg
SF618344,False,bath_O-8VMFGgG_A.jpg
SF618344,False,kit_Mr2sz24thbE.jpg
SF271632,True,sfh_t51u2xAuWaY.jpg
SF271632,False,bath_ODU4mXpF-5I.jpg
SF271632,False,kit_MvY303vrKR0.jpg
SF189707,True,condo_8L3sarFsV8E.jpg
SF189707,False,bath_Ok8MRXNyEug.jpg
SF189707,False,kit_OwDrI8qIYLM.jpg
SF571143,True,condo_9b7wGJQaScw.jpg
SF571143,False,bath_Ou6pG_CEuZk.jpg
SF571143,False,kit_Q2agE_ykjI0.jpg
SF553354,True,condo_Ava8oCm00B8.jpg
SF553354,False,bath_PibraWHb4h8.jpg
SF553354,False,kit_U1S7fDPMpf8.jpg
SF122161,True,sfh_tyVuimFK7j0.jpg
SF122161,False,bath_PoXaUHUa-Tg.jpg
SF122161,False,kit_UIK8XJ6s54I.jpg
SF555759,True,ths_NTaF5rBmlyE.jpg
SF555759,False,bath_Q6-CbUd2n3k.jpg
SF555759,False,kit_UPbYh3A5cdg.jpg
SF156319,True,sfh_u4gADAmfrKI.jpg
SF156319,False,bath_Q_e30nHPfMU.jpg
SF156319,False,kit_UTsUqb_jPKc.jpg
SF996564,True,condo_CQFZX-In0KI.jpg
SF996564,False,bath_RMnc22CwVVA.jpg
SF996564,False,kit_UjfhPIONgik.jpg
SF944809,True,condo_Dua0qvBmBtY.jpg
SF944809,False,bath_Rk3fgPWl-J4.jpg
SF944809,False,kit_Uw4Z5jU_G-E.jpg
SF168791,True,mfh_U0Dv8O-Dgc4.jpg
SF168791,False,bath_THFG10Ar8Ug.jpg
SF168791,False,kit_VYI9oIKl1wE.jpg
SF649682,True,condo_ErDrzSvSNv4.jpg
SF649682,False,bath_VCUbsNJdZpQ.jpg
SF649682,False,kit_Vcsizp5I0kk.jpg
SF537402,True,condo_HmHArS-HvNw.jpg
SF537402,False,bath_Wj5niePWnvQ.jpg
SF537402,False,kit_VgyN_CWXQVM.jpg
SF695090,True,sfh_vzBm3YOs2po.jpg
SF695090,False,bath_YCW4BEhKluw.jpg
SF695090,False,kit_Wch5uxE6ncM.jpg
SF364310,True,ths_Q2wnJyyQpEs.jpg
SF364310,False,bath_Z-vTboPNGSo.jpg
SF364310,False,kit_XHZKjlnIJOs.jpg
SF581285,True,sfh_x_OkWauCnmE.jpg
SF581285,False,bath_ZDB00w2d5hY.jpg
SF581285,False,kit_Z8BtCOoJgjo.jpg
SF714669,True,ths_Qt4r-70J9N0.jpg
SF714669,False,bath_ZGUtbYmOGZE.jpg
SF714669,False,kit_Z8GlHfdn118.jpg
SF686523,True,sfh_yUPWFd4fH-w.jpg
SF686523,False,bath_ZIu4he3R2yQ.jpg
SF686523,False,kit_ZtQBm7Q1XWg.jpg
SF611890,True,condo_ImHGMkJ_Mvg.jpg
SF611890,False,bath_ZJghebNZhDk.jpg
SF611890,False,kit_ZuREP4hSY1c.jpg
SF336081,True,sfh_ykNBgspgK8U.jpg
SF336081,False,bath_ZZT1NLPKjZE.jpg
SF336081,False,kit__AK42TQRyCw.jpg
SF219099,True,mfh_UP6AltT9fEU.jpg
SF219099,False,bath__zrnJ3_bzlo.jpg
SF219099,False,kit__ddbqyJmdwA.jpg
SF158810,True,condo_JDBVXignFdA.jpg
SF158810,False,bath_a5t48en12Ek.jpg
SF158810,False,kit_ac7PbDFlx7M.jpg
SF326774,True,ths_R8BRpYkDLLg.jpg
SF326774,False,bath_b8bBTyWj6gM.jpg
SF326774,False,kit_b5QHeP4kamc.jpg
SF776520,True,condo_KYM5QsbRsxk.jpg
SF776520,False,bath_c56aJqJN_qs.jpg
SF776520,False,kit_bJOluIUkFzQ.jpg
SF806518,True,ths_SWOmTM6WivM.jpg
SF806518,False,bath_d0WU6KSp918.jpg
SF806518,False,kit_cReV-cbE2L4.jpg
SF429754,True,sfh_z_t3F1mFsxI.jpg
SF429754,False,bath_d5yfKfMSk9o.jpg
SF429754,False,kit_cfNXvIrsbhM.jpg
SF171325,True,ths_TFadlIM3gUE.jpg
SF171325,False,bath_d77dHDIhOB4.jpg
SF171325,False,kit_d4ULeg3YXZM.jpg
SF377247,True,sfh_-1zTWWTqEtA.jpg
SF377247,False,bath_dB_usTnVQJE.jpg
SF377247,False,kit_e4HlK1TPG9A.jpg
SF333382,True,sfh_-Vu2dBIVaSk.jpg
SF333382,False,bath_dd9nbHGCJck.jpg
SF333382,False,kit_eEkAqh5L4h0.jpg
SF388928,True,mfh_VM-ysVxPv6w.jpg
SF388928,False,bath_eXy5-E9Y5uE.jpg
SF388928,False,kit_e_J73qui2bo.jpg
SF256960,True,condo_KjNvwujW58w.jpg
SF256960,False,bath_en9pOa2YAKI.jpg
SF256960,False,kit_ghHkI5gS6os.jpg
SF541731,True,condo_LFlbLb8vJls.jpg
SF541731,False,bath_eoW38D7kq_Q.jpg
SF541731,False,kit_hEqrwusR3Yo.jpg
SF921232,True,condo_LZ3IQuhGbQE.jpg
SF921232,False,bath_f8rXXuctnSw.jpg
SF921232,False,kit_hNKl4PQNVNo.jpg
SF623317,True,ths_TPzXRLb64XM.jpg
SF623317,False,bath_fAr1AZUoYLI.jpg
SF623317,False,kit_hmz7nC5mEu4.jpg
SF246956,True,mfh_VfS05m0v25E.jpg
SF246956,False,bath_favDy5HiKCQ.jpg
SF246956,False,kit_iMZRBxo3hCs.jpg
SF757644,True,mfh_Wfjc6Wyjohs.jpg
SF757644,False,bath_ftjqFgBR7oI.jpg
SF757644,False,kit_iUjIiP0sMTs.jpg
SF122841,True,condo_Ps3VqTGfWhU.jpg
SF122841,False,bath_hTyek4FccJM.jpg
SF122841,False,kit_j6QSUeiW6vo.jpg
SF908014,True,condo_Qe8eMrwTW5g.jpg
SF908014,False,bath_iXpuwXVuz8E.jpg
SF908014,False,kit_kDm04owPPEY.jpg
SF792067,True,condo_QlA5N4Vnp3g.jpg
SF792067,False,bath_iXtriAA5HWk.jpg
SF792067,False,kit_kF3KNcoXQXY.jpg
SF604641,True,condo_R5N6_0giS68.jpg
SF604641,False,bath_lWqmnx1DUSk.jpg
SF604641,False,kit_lGEdX8UjA9k.jpg
SF568014,True,ths_Te_X_tJ4sds.jpg
SF568014,False,bath_lhIOmjqf728.jpg
SF568014,False,kit_lR7Zi4bEw1o.jpg
SF159140,True,ths_UTJUb7xO_sI.jpg
SF159140,False,bath_lq8FnmruSjo.jpg
SF159140,False,kit_mDc0WtyqMrk.jpg
SF271461,True,sfh_0PPtQ8nWYHQ.jpg
SF271461,False,bath_m78oBvRHBm0.jpg
SF271461,False,kit_mgykRhBYM30.jpg
SF778488,True,sfh_1N2rpX7NhNw.jpg
SF778488,False,bath_mCWgrZS9p8g.jpg
SF778488,False,kit_n8PYmwR6hf4.jpg
SF511263,True,sfh_2f1-T2EERtM.jpg
SF511263,False,bath_n885FXAq1Bo.jpg
SF511263,False,kit_o-uPDNNSsDA.jpg
SF978556,True,condo_SB3hlhAl2zc.jpg
SF978556,False,bath_nDERc229LpE.jpg
SF978556,False,kit_otjzoLhzB4o.jpg
SF704168,True,condo_UlIj_qKpgCw.jpg
SF704168,False,bath_odhBaZK4eA0.jpg
SF704168,False,kit_sTy-Qs0dZsA.jpg
SF465130,True,condo_WDUtNbot6Qw.jpg
SF465130,False,bath_p9A8tpM93Hk.jpg
SF465130,False,kit_szG9kzMLcPE.jpg
SF888884,True,ths_UgIMFOlA_pk.jpg
SF888884,False,bath_rodWEAfiJaY.jpg
SF888884,False,kit_tqksyXLp2mI.jpg
SF395092,True,sfh_2gPBKYGsMwc.jpg
SF395092,False,bath_tTWCj9QyyVE.jpg
SF395092,False,kit_uGak0qtrphM.jpg
SF818102,True,condo_WIPVrs5meCA.jpg
SF818102,False,bath_thpj-Xk0Qjo.jpg
SF818102,False,kit_wN9xVhSXi_w.jpg
SF418504,True,sfh_3AAyCMU5Ufg.jpg
SF418504,False,bath_tvtmoa6_rJE.jpg
SF418504,False,kit_wWEQUGmbBrE.jpg
SF308149,True,sfh_45oV-f_1TiE.jpg
SF308149,False,bath_uqWsLAr2dwE.jpg
SF308149,False,kit_waqb5i0NrX8.jpg
SF832607,True,condo_WgkA3CSFrjc.jpg
SF832607,False,bath_uuHm2UOHRvk.jpg
SF832607,False,kit_wnAuOZeYrzI.jpg
SF885545,True,sfh_7GkH_rn6LJw.jpg
SF885545,False,bath_vF56dydV4FA.jpg
SF885545,False,kit_wpa4PI1DT_A.jpg
SF565387,True,condo_Xp-w9H_tMOY.jpg
SF565387,False,bath_vFU5eLArJmM.jpg
SF565387,False,kit_x1cPojx3CNs.jpg
SF756684,True,sfh_7N0bW0a3ivM.jpg
SF756684,False,bath_vYUkbsJ-Aq4.jpg
SF756684,False,kit_x64WAw1TIcQ.jpg
SF499647,True,condo_Xph_EJ-22vE.jpg
SF499647,False,bath_vkIgPbAIcoE.jpg
SF499647,False,kit_xYdS2lqto7I.jpg
SF896598,True,sfh_8BB3FxxabME.jpg
SF896598,False,bath_w8FEsHwwL10.jpg
SF896598,False,kit_ynVu56fpbN8.jpg
SF817172,True,mfh_XFQuzV6WXls.jpg
SF817172,False,bath_wCY8cjzVUAM.jpg
SF817172,False,kit_-Vfa35ueUCo.jpg
SF819363,True,condo_YLEgdrSQP4U.jpg
SF819363,False,bath_yKqF8nuKPH8.jpg
SF819363,False,kit_1by_GbwEMwc.jpg
SF731207,True,condo_YY139ZX_Zas.jpg
SF731207,False,bath_yb9b2wbhxG4.jpg
SF731207,False,kit_2G1peeUqNjE.jpg
SF847638,True,sfh_FIdMfOHoqUM.jpg
SF847638,False,bath_yzuwRu_X6Dg.jpg
SF847638,False,kit_2M3QePaxX6E.jpg
SF312876,True,condo__5AGnG4Mh5E.jpg
SF312876,False,bath_zBX1enOFfig.jpg
SF312876,False,kit_2ocL2PmZ-vA.jpg
SF197017,True,sfh_FJgGzzDZh3o.jpg
SF197017,False,bath_zYIUp9jf6nI.jpg
SF197017,False,kit_3JdubjN5xTI.jpg
SF217536,True,ths_WIQtUv49q18.jpg
SF217536,False,bath_zp4pRAzc9Rs.jpg
SF217536,False,kit_3gMTVySU4rs.jpg
SF338532,True,condo_aPD1yNUYP0w.jpg
SF338532,False,bath_zynOgAH8tAg.jpg
SF338532,False,kit_3wj-jsav7iQ.jpg
SF532884,True,sfh_FOEH75tqmSw.jpg
SF532884,False,bath_04R9dPTBYhw.jpg
SF532884,False,kit_46xPT-w3m-k.jpg
SF129533,True,ths_WgkA3CSFrjc.jpg
SF129533,False,bath_1ABOGxHWrT8.jpg
SF129533,False,kit_4eLBXFahryk.jpg
SF586053,True,sfh_FUTjPQXCL-M.jpg
SF586053,False,bath_20HYgfVmSbA.jpg
SF586053,False,kit_587FXBjdako.jpg
SF662794,True,sfh_FbKESavW4gE.jpg
SF662794,False,bath_2X9H1lD_k2Q.jpg
SF662794,False,kit_5a0JBpFl22U.jpg
SF407481,True,mfh_Z01OE9qwLH4.jpg
SF407481,False,bath_2cCeopgMcwc.jpg
SF407481,False,kit_9j9b2L0qAYU.jpg
SF892771,True,condo_b0DHABrkRcM.jpg
SF892771,False,bath_3uvhNMx_mOI.jpg
SF892771,False,kit_9vFTBI69Udo.jpg
SF885753,True,condo_ciHrgv7HKZE.jpg
SF885753,False,bath_4bEhgiqWjek.jpg
SF885753,False,kit_BdZPID68yjM.jpg
SF964882,True,mfh_ZsKR2QGF8GI.jpg
SF964882,False,bath_59YYIR-20xs.jpg
SF964882,False,kit_BmqCwvRKAks.jpg
SF398144,True,ths_XaR3sYHV1gY.jpg
SF398144,False,bath_6BJu73-UJpg.jpg
SF398144,False,kit_BxiOoyzu6-w.jpg
SF400132,True,sfh_Fcanz8wm-1U.jpg
SF400132,False,bath_6YEMkA-2ji8.jpg
SF400132,False,kit_CwnPmtA2NHc.jpg
SF176200,True,mfh_b3dJBagWlCI.jpg
SF176200,False,bath_7J2caL8Vy24.jpg
SF176200,False,kit_DJV40FsmPSg.jpg
SF387199,True,sfh_FjHIWqNqpVs.jpg
SF387199,False,bath_7Z2OTozIY_0.jpg
SF387199,False,kit_EKUtjWUtPC0.jpg
SF210303,True,mfh_bTD6SgQlhKE.jpg
SF210303,False,bath_8RXUZg5h_QA.jpg
SF210303,False,kit_ERSaP9l-Mtw.jpg
SF831945,True,sfh_G3-35-ET-HA.jpg
SF831945,False,bath_8WG4EXvdM4M.jpg
SF831945,False,kit_FYnqaaBOI8k.jpg
SF139354,True,condo_cnXTU42C0sg.jpg
SF139354,False,bath_8qsu9Ctnsk4.jpg
SF139354,False,kit_G7sE2S4Lab4.jpg
SF110073,True,sfh_HadloobmnQs.jpg
SF110073,False,bath_Aac7IlKnYX8.jpg
SF110073,False,kit_GTWWwsjPFUs.jpg
SF322495,True,sfh_I-rF9EqWEEM.jpg
SF322495,False,bath_C8a-9NQOY24.jpg
SF322495,False,kit_I58Xjx0zzBQ.jpg
SF836499,True,sfh_J4M-9YrqJ40.jpg
SF836499,False,bath_CeQpzwT63pU.jpg
SF836499,False,kit_IIy2d0-0Ueg.jpg
SF642667,True,sfh_K-i0Oy5Mb_o.jpg
SF642667,False,bath_D8ghwGaYQpw.jpg
SF642667,False,kit_IxBCafdQItg.jpg
SF132039,True,mfh_dXgnN_-IQpQ.jpg
SF132039,False,bath_Dk_o7KQyGkI.jpg
SF132039,False,kit_J77Yzq9_Hcg.jpg
SF384488,True,ths_ZFOQT4D9pp8.jpg
SF384488,False,bath_FiKcg6EMneY.jpg
SF384488,False,kit_JG5cNEhSwvg.jpg
SF982040,True,condo_dAjb01pCoZ4.jpg
SF982040,False,bath_Fuguvv3goCA.jpg
SF982040,False,kit_JyeUdbb9TOg.jpg
SF271032,True,sfh_LBo8KX84t7o.jpg
SF271032,False,bath_G459ni0RpiM.jpg
SF271032,False,kit_K5JI_wRQqY0.jpg
SF909046,True,condo_eeoQBGB-pYg.jpg
SF909046,False,bath_HWUfaQt6aLU.jpg
SF909046,False,kit_LC-6Dnwo6_g.jpg
SF513293,True,condo_f9O-1eKGlQM.jpg
SF513293,False,bath_Ies-rhvusTs.jpg
SF513293,False,kit_Mr2sz24thbE.jpg
SF297282,True,condo_fAbPOvMJgPA.jpg
SF297282,False,bath_If8wxqKqkQg.jpg
SF297282,False,kit_MvY303vrKR0.jpg
SF155626,True,ths_Z_mjKyj1FjI.jpg
SF155626,False,bath_J4CrMTu2YBc.jpg
SF155626,False,kit_OwDrI8qIYLM.jpg
SF839624,True,mfh_e1HPBHjADWo.jpg
SF839624,False,bath_JLS-hsxIlYg.jpg
SF839624,False,kit_Q2agE_ykjI0.jpg
SF802416,True,condo_iUjIiP0sMTs.jpg
SF802416,False,bath_M6a_MWnHJd4.jpg
SF802416,False,kit_U1S7fDPMpf8.jpg
SF712847,True,mfh_gVkPA44TYXA.jpg
SF712847,False,bath_MkOMgDhLpqU.jpg
SF712847,False,kit_UIK8XJ6s54I.jpg
SF731622,True,sfh_LErk0lPlbG0.jpg
SF731622,False,bath_N03PjHWOEFA.jpg
SF731622,False,kit_UPbYh3A5cdg.jpg
SF771434,True,sfh_MgZRW4UT6t0.jpg
SF771434,False,bath_N9P3lkJvTIg.jpg
SF771434,False,kit_UTsUqb_jPKc.jpg
SF759680,True,ths_ZgsIuw6aJNw.jpg
SF759680,False,bath_NBoqOuPgc0A.jpg
SF759680,False,kit_UjfhPIONgik.jpg
SF484480,True,condo_kx-gbP7lMak.jpg
SF484480,False,bath_O-8VMFGgG_A.jpg
SF484480,False,kit_Uw4Z5jU_G-E.jpg
SF364381,True,mfh_gudwptPNU2k.jpg
SF364381,False,bath_ODU4mXpF-5I.jpg
SF364381,False,kit_VYI9oIKl1wE.jpg
SF576622,True,ths__7QvRhqLqd0.jpg
SF576622,False,bath_Ok8MRXNyEug.jpg
SF576622,False,kit_Vcsizp5I0kk.jpg
SF102248,True,condo_l6u4GIKvxBs.jpg
SF102248,False,bath_Ou6pG_CEuZk.jpg
SF102248,False,kit_VgyN_CWXQVM.jpg
SF848139,True,sfh_NTxbt7mwgoE.jpg
SF848139,False,bath_PibraWHb4h8.jpg
SF848139,False,kit_Wch5uxE6ncM.jpg
SF573956,True,ths_aPD1yNUYP0w.jpg
SF573956,False,bath_PoXaUHUa-Tg.jpg
SF573956,False,kit_XHZKjlnIJOs.jpg
SF788481,True,condo_lLDh9JppH2c.jpg
SF788481,False,bath_Q6-CbUd2n3k.jpg
SF788481,False,kit_Z8BtCOoJgjo.jpg
SF893522,True,mfh_ivD2QRl8KfQ.jpg
SF893522,False,bath_Q_e30nHPfMU.jpg
SF893522,False,kit_Z8GlHfdn118.jpg
SF586292,True,sfh_NgX_u6i2Sx0.jpg
SF586292,False,bath_RMnc22CwVVA.jpg
SF586292,False,kit_ZtQBm7Q1XWg.jpg
SF646528,True,condo_mw_mj-noYHM.jpg
SF646528,False,bath_Rk3fgPWl-J4.jpg
SF646528,False,kit_ZuREP4hSY1c.jpg
SF576345,True,condo_n9CzpBTNElo.jpg
SF576345,False,bath_THFG10Ar8Ug.jpg
SF576345,False,kit__AK42TQRyCw.jpg
SF662824,True,condo_oMB1rr7j-H8.jpg
SF662824,False,bath_VCUbsNJdZpQ.jpg
SF662824,False,kit__ddbqyJmdwA.jpg
SF242042,True,mfh_lx-FLZx3iQk.jpg
SF242042,False,bath_Wj5niePWnvQ.jpg
SF242042,False,kit_ac7PbDFlx7M.jpg
SF232904,True,ths_anm2W21Q2EQ.jpg
SF232904,False,bath_YCW4BEhKluw.jpg
SF232904,False,kit_b5QHeP4kamc.jpg
SF698845,True,sfh_Nh81vA19t68.jpg
SF698845,False,bath_Z-vTboPNGSo.jpg
SF698845,False,kit_bJOluIUkFzQ.jpg
SF738976,True,condo_rYBjSLwrfdU.jpg
SF738976,False,bath_ZDB00w2d5hY.jpg
SF738976,False,kit_cReV-cbE2L4.jpg
SF790635,True,condo_szG9kzMLcPE.jpg
SF790635,False,bath_ZGUtbYmOGZE.jpg
SF790635,False,kit_cfNXvIrsbhM.jpg
SF184235,True,sfh_NmVnsp13JYc.jpg
SF184235,False,bath_ZIu4he3R2yQ.jpg
SF184235,False,kit_d4ULeg3YXZM.jpg
SF245731,True,sfh_O7Dpx2avGyw.jpg
SF245731,False,bath_ZJghebNZhDk.jpg
SF245731,False,kit_e4HlK1TPG9A.jpg
SF912529,True,condo_tHkJAMcO3QE.jpg
SF912529,False,bath_ZZT1NLPKjZE.jpg
SF912529,False,kit_eEkAqh5L4h0.jpg
SF634931,True,sfh_SQ3iMGteT6s.jpg
SF634931,False,bath__zrnJ3_bzlo.jpg
SF634931,False,kit_e_J73qui2bo.jpg
SF719224,True,sfh_Se9N2dUOvMY.jpg
SF719224,False,bath_a5t48en12Ek.jpg
SF719224,False,kit_ghHkI5gS6os.jpg
SF204188,True,mfh_mD5xhIwVFkY.jpg
SF204188,False,bath_b8bBTyWj6gM.jpg
SF204188,False,kit_hEqrwusR3Yo.jpg
SF303125,True,sfh_ShMXVbvoaOo.jpg
SF303125,False,bath_c56aJqJN_qs.jpg
SF303125,False,kit_hNKl4PQNVNo.jpg
SF711320,True,sfh_TX6dBiMwBV0.jpg
SF711320,False,bath_d0WU6KSp918.jpg
SF711320,False,kit_hmz7nC5mEu4.jpg
SF317934,True,condo_u-RIsXlI8Q8.jpg
SF317934,False,bath_d5yfKfMSk9o.jpg
SF317934,False,kit_iMZRBxo3hCs.jpg
SF427145,True,condo_vz9IbCAXHKQ.jpg
SF427145,False,bath_d77dHDIhOB4.jpg
SF427145,False,kit_iUjIiP0sMTs.jpg
SF933312,True,ths_bN_TkedaBuQ.jpg
SF933312,False,bath_dB_usTnVQJE.jpg
SF933312,False,kit_j6QSUeiW6vo.jpg
SF127500,True,condo_w1w7sQ8md0I.jpg
SF127500,False,bath_dd9nbHGCJck.jpg
SF127500,False,kit_kDm04owPPEY.jpg
SF935683,True,ths_dUCr-Zib-30.jpg
SF935683,False,bath_eXy5-E9Y5uE.jpg
SF935683,False,kit_kF3KNcoXQXY.jpg
SF377618,True,ths_fReaYyffTxM.jpg
SF377618,False,bath_en9pOa2YAKI.jpg
SF377618,False,kit_lGEdX8UjA9k.jpg
SF157409,True,condo_wFc7CtVNAIE.jpg
SF157409,False,bath_eoW38D7kq_Q.jpg
SF157409,False,kit_lR7Zi4bEw1o.jpg
SF306410,True,sfh_W3pXpFeDxjo.jpg
SF306410,False,bath_f8rXXuctnSw.jpg
SF306410,False,kit_mDc0WtyqMrk.jpg
SF825160,True,condo_y8e2n6eCXmo.jpg
SF825160,False,bath_fAr1AZUoYLI.jpg
SF825160,False,kit_mgykRhBYM30.jpg
SF104696,True,condo_yFsop3bwYoA.jpg
SF104696,False,bath_favDy5HiKCQ.jpg
SF104696,False,kit_n8PYmwR6hf4.jpg
SF165116,True,ths_fZdVat1ldlE.jpg
SF165116,False,bath_ftjqFgBR7oI.jpg
SF165116,False,kit_o-uPDNNSsDA.jpg
SF601697,True,condo_yzkTCP4uc9E.jpg
SF601697,False,bath_hTyek4FccJM.jpg
SF601697,False,kit_otjzoLhzB4o.jpg
SF872854,True,condo_-Vfa35ueUCo.jpg
SF872854,False,bath_iXpuwXVuz8E.jpg
SF872854,False,kit_sTy-Qs0dZsA.jpg
SF730141,True,condo_0tVimluL_ls.jpg
SF730141,False,bath_iXtriAA5HWk.jpg
SF730141,False,kit_szG9kzMLcPE.jpg
SF237982,True,mfh_p2NQ_V2pwZs.jpg
SF237982,False,bath_lWqmnx1DUSk.jpg
SF237982,False,kit_tqksyXLp2mI.jpg
SF177994,True,condo_1vMz2_MclrM.jpg
SF177994,False,bath_lhIOmjqf728.jpg
SF177994,False,kit_uGak0qtrphM.jpg
SF573610,True,mfh_r4bt3xNyRSw.jpg
SF573610,False,bath_lq8FnmruSjo.jpg
SF573610,False,kit_wN9xVhSXi_w.jpg
SF173473,True,mfh_rSZ_cp8_1Us.jpg
SF173473,False,bath_m78oBvRHBm0.jpg
SF173473,False,kit_wWEQUGmbBrE.jpg
SF504063,True,condo_21xbUDIN8ao.jpg
SF504063,False,bath_mCWgrZS9p8g.jpg
SF504063,False,kit_waqb5i0NrX8.jpg
SF463264,True,condo_3-GXEUE_sCc.jpg
SF463264,False,bath_n885FXAq1Bo.jpg
SF463264,False,kit_wnAuOZeYrzI.jpg
SF538074,True,condo_3CJAeBNi2YM.jpg
SF538074,False,bath_nDERc229LpE.jpg
SF538074,False,kit_wpa4PI1DT_A.jpg
SF958285,True,sfh_WvkEiDEMshM.jpg
SF958285,False,bath_odhBaZK4eA0.jpg
SF958285,False,kit_x1cPojx3CNs.jpg
SF127021,True,condo_4YGsYQf7DNQ.jpg
SF127021,False,bath_p9A8tpM93Hk.jpg
SF127021,False,kit_x64WAw1TIcQ.jpg
SF518045,True,sfh_XFQuzV6WXls.jpg
SF518045,False,bath_rodWEAfiJaY.jpg
SF518045,False,kit_xYdS2lqto7I.jpg
SF735950,True,mfh_ugfgRNkJSJ0.jpg
SF735950,False,bath_tTWCj9QyyVE.jpg
SF735950,False,kit_ynVu56fpbN8.jpg
SF722475,True,condo_4xRP0Ajk9ys.jpg
SF722475,False,bath_thpj-Xk0Qjo.jpg
SF722475,False,kit_-Vfa35ueUCo.jpg
SF836568,True,condo_5O-KFVmKSjY.jpg
SF836568,False,bath_tvtmoa6_rJE.jpg
SF836568,False,kit_1by_GbwEMwc.jpg
SF829833,True,sfh_YRjJsGRIUeM.jpg
SF829833,False,bath_uqWsLAr2dwE.jpg
SF829833,False,kit_2G1peeUqNjE.jpg
SF162463,True,condo_6I1TlhDhfX8.jpg
SF162463,False,bath_uuHm2UOHRvk.jpg
SF162463,False,kit_2M3QePaxX6E.jpg
SF906714,True,ths_fpEB1eCqkx0.jpg
SF906714,False,bath_vF56dydV4FA.jpg
SF906714,False,kit_2ocL2PmZ-vA.jpg
SF756273,True,ths_gBqNmxSxnAM.jpg
SF756273,False,bath_vFU5eLArJmM.jpg
SF756273,False,kit_3JdubjN5xTI.jpg
SF712521,True,sfh_YlgnN7zVQts.jpg
SF712521,False,bath_vYUkbsJ-Aq4.jpg
SF712521,False,kit_3gMTVySU4rs.jpg
SF666413,True,condo_6cFOz5A9ZoQ.jpg
SF666413,False,bath_vkIgPbAIcoE.jpg
SF666413,False,kit_3wj-jsav7iQ.jpg
SF520026,True,condo_7Kk8ONcAXqk.jpg
SF520026,False,bath_w8FEsHwwL10.jpg
SF520026,False,kit_46xPT-w3m-k.jpg
SF912415,True,sfh_ZsKR2QGF8GI.jpg
SF912415,False,bath_wCY8cjzVUAM.jpg
SF912415,False,kit_4eLBXFahryk.jpg
SF450206,True,condo_8L3sarFsV8E.jpg
SF450206,False,bath_yKqF8nuKPH8.jpg
SF450206,False,kit_587FXBjdako.jpg
SF784886,True,sfh__dcBEkOkyQE.jpg
SF784886,False,bath_yb9b2wbhxG4.jpg
SF784886,False,kit_5a0JBpFl22U.jpg
SF144331,True,condo_9b7wGJQaScw.jpg
SF144331,False,bath_yzuwRu_X6Dg.jpg
SF144331,False,kit_9j9b2L0qAYU.jpg
SF246398,True,sfh_bKAVCSjN0nU.jpg
SF246398,False,bath_zBX1enOFfig.jpg
SF246398,False,kit_9vFTBI69Udo.jpg
SF209947,True,sfh_bN-7tqSMr88.jpg
SF209947,False,bath_zYIUp9jf6nI.jpg
SF209947,False,kit_BdZPID68yjM.jpg
SF225532,True,ths_hZE6VQVbMco.jpg
SF225532,False,bath_zp4pRAzc9Rs.jpg
SF225532,False,kit_BmqCwvRKAks.jpg
SF893061,True,condo_Ava8oCm00B8.jpg
SF893061,False,bath_zynOgAH8tAg.jpg
SF893061,False,kit_BxiOoyzu6-w.jpg
SF145310,True,condo_CQFZX-In0KI.jpg
SF145310,False,bath_04R9dPTBYhw.jpg
SF145310,False,kit_CwnPmtA2NHc.jpg
SF972888,True,sfh_bTD6SgQlhKE.jpg
SF972888,False,bath_1ABOGxHWrT8.jpg
SF972888,False,kit_DJV40FsmPSg.jpg
SF579107,True,condo_Dua0qvBmBtY.jpg
SF579107,False,bath_20HYgfVmSbA.jpg
SF579107,False,kit_EKUtjWUtPC0.jpg
SF860359,True,sfh_cbTb-qDQX80.jpg
SF860359,False,bath_2X9H1lD_k2Q.jpg
SF860359,False,kit_ERSaP9l-Mtw.jpg
SF809639,True,sfh_dAvFTeKneyk.jpg
SF809639,False,bath_2cCeopgMcwc.jpg
SF809639,False,kit_FYnqaaBOI8k.jpg
SF794639,True,sfh_dMpJ3bP8D9w.jpg
SF794639,False,bath_3uvhNMx_mOI.jpg
SF794639,False,kit_G7sE2S4Lab4.jpg
SF977972,True,sfh_fn6x1TL290w.jpg
SF977972,False,bath_4bEhgiqWjek.jpg
SF977972,False,kit_GTWWwsjPFUs.jpg
SF853919,True,condo_ErDrzSvSNv4.jpg
SF853919,False,bath_59YYIR-20xs.jpg
SF853919,False,kit_I58Xjx0zzBQ.jpg
SF747145,True,condo_HmHArS-HvNw.jpg
SF747145,False,bath_6BJu73-UJpg.jpg
SF747145,False,kit_IIy2d0-0Ueg.jpg
SF211106,True,sfh_ivD2QRl8KfQ.jpg
SF211106,False,bath_6YEMkA-2ji8.jpg
SF211106,False,kit_IxBCafdQItg.jpg
SF141595,True,condo_ImHGMkJ_Mvg.jpg
SF141595,False,bath_7J2caL8Vy24.jpg
SF141595,False,kit_J77Yzq9_Hcg.jpg
SF802604,True,condo_JDBVXignFdA.jpg
SF802604,False,bath_7Z2OTozIY_0.jpg
SF802604,False,kit_JG5cNEhSwvg.jpg
SF330959,True,condo_KYM5QsbRsxk.jpg
SF330959,False,bath_8RXUZg5h_QA.jpg
SF330959,False,kit_JyeUdbb9TOg.jpg
SF972859,True,condo_KjNvwujW58w.jpg
SF972859,False,bath_8WG4EXvdM4M.jpg
SF972859,False,kit_K5JI_wRQqY0.jpg
SF263261,True,ths_ixIsSy3zAyQ.jpg
SF263261,False,bath_8qsu9Ctnsk4.jpg
SF263261,False,kit_LC-6Dnwo6_g.jpg
SF222909,True,sfh_j1lLBlbEMTo.jpg
SF222909,False,bath_Aac7IlKnYX8.jpg
SF222909,False,kit_Mr2sz24thbE.jpg
SF830361,True,mfh_ykNBgspgK8U.jpg
SF830361,False,bath_C8a-9NQOY24.jpg
SF830361,False,kit_MvY303vrKR0.jpg
SF869520,True,sfh_jOGgTu1uuoA.jpg
SF869520,False,bath_CeQpzwT63pU.jpg
SF869520,False,kit_OwDrI8qIYLM.jpg
SF759745,True,condo_LFlbLb8vJls.jpg
SF759745,False,bath_D8ghwGaYQpw.jpg
SF759745,False,kit_Q2agE_ykjI0.jpg
SF498516,True,condo_LZ3IQuhGbQE.jpg
SF498516,False,bath_Dk_o7KQyGkI.jpg
SF498516,False,kit_U1S7fDPMpf8.jpg
SF346750,True,condo_Ps3VqTGfWhU.jpg
SF346750,False,bath_FiKcg6EMneY.jpg
SF346750,False,kit_UIK8XJ6s54I.jpg
SF981487,True,condo_Qe8eMrwTW5g.jpg
SF981487,False,bath_Fuguvv3goCA.jpg
SF981487,False,kit_UPbYh3A5cdg.jpg
SF311511,True,sfh_lx-FLZx3iQk.jpg
SF311511,False,bath_G459ni0RpiM.jpg
SF311511,False,kit_UTsUqb_jPKc.jpg
SF635570,True,condo_QlA5N4Vnp3g.jpg
SF635570,False,bath_HWUfaQt6aLU.jpg
SF635570,False,kit_UjfhPIONgik.jpg
SF822998,True,sfh_mD5xhIwVFkY.jpg
SF822998,False,bath_Ies-rhvusTs.jpg
SF822998,False,kit_Uw4Z5jU_G-E.jpg
SF439431,True,ths_kx-gbP7lMak.jpg
SF439431,False,bath_If8wxqKqkQg.jpg
SF439431,False,kit_VYI9oIKl1wE.jpg
SF713733,True,condo_R5N6_0giS68.jpg
SF713733,False,bath_J4CrMTu2YBc.jpg
SF713733,False,kit_Vcsizp5I0kk.jpg
SF949434,True,sfh_nbf9DiDvLeU.jpg
SF949434,False,bath_JLS-hsxIlYg.jpg
SF949434,False,kit_VgyN_CWXQVM.jpg
SF336110,True,condo_SB3hlhAl2zc.jpg
SF336110,False,bath_M6a_MWnHJd4.jpg
SF336110,False,kit_Wch5uxE6ncM.jpg
SF282163,True,mfh_-1zTWWTqEtA.jpg
SF282163,False,bath_MkOMgDhLpqU.jpg
SF282163,False,kit_XHZKjlnIJOs.jpg
SF337520,True,condo_UlIj_qKpgCw.jpg
SF337520,False,bath_N03PjHWOEFA.jpg
SF337520,False,kit_Z8BtCOoJgjo.jpg
SF678765,True,mfh_-eYW04Dmf8g.jpg
SF678765,False,bath_N9P3lkJvTIg.jpg
SF678765,False,kit_Z8GlHfdn118.jpg
SF370531,True,condo_WDUtNbot6Qw.jpg
SF370531,False,bath_NBoqOuPgc0A.jpg
SF370531,False,kit_ZtQBm7Q1XWg.jpg
SF778589,True,ths_ltDGY4GnnHE.jpg
SF778589,False,bath_O-8VMFGgG_A.jpg
SF778589,False,kit_ZuREP4hSY1c.jpg
SF828215,True,condo_WIPVrs5meCA.jpg
SF828215,False,bath_ODU4mXpF-5I.jpg
SF828215,False,kit__AK42TQRyCw.jpg
SF574771,True,ths_nrSzRUWqmoI.jpg
SF574771,False,bath_Ok8MRXNyEug.jpg
SF574771,False,kit__ddbqyJmdwA.jpg
SF288048,True,sfh_ns2Ai6cWTv0.jpg
SF288048,False,bath_Ou6pG_CEuZk.jpg
SF288048,False,kit_ac7PbDFlx7M.jpg
SF169426,True,sfh_r4bt3xNyRSw.jpg
SF169426,False,bath_PibraWHb4h8.jpg
SF169426,False,kit_b5QHeP4kamc.jpg
SF972380,True,mfh_1N2rpX7NhNw.jpg
SF972380,False,bath_PoXaUHUa-Tg.jpg
SF972380,False,kit_bJOluIUkFzQ.jpg
SF172884,True,sfh_rSZ_cp8_1Us.jpg
SF172884,False,bath_Q6-CbUd2n3k.jpg
SF172884,False,kit_cReV-cbE2L4.jpg
SF745622,True,condo_WgkA3CSFrjc.jpg
SF745622,False,bath_Q_e30nHPfMU.jpg
SF745622,False,kit_cfNXvIrsbhM.jpg
SF951304,True,ths_nzrfse4_WJw.jpg
SF951304,False,bath_RMnc22CwVVA.jpg
SF951304,False,kit_d4ULeg3YXZM.jpg
SF632885,True,ths_oxwz3CVMbmk.jpg
SF632885,False,bath_Rk3fgPWl-J4.jpg
SF632885,False,kit_e4HlK1TPG9A.jpg
SF417608,True,condo_Xp-w9H_tMOY.jpg
SF417608,False,bath_THFG10Ar8Ug.jpg
SF417608,False,kit_eEkAqh5L4h0.jpg
SF438960,True,sfh_t51u2xAuWaY.jpg
SF438960,False,bath_VCUbsNJdZpQ.jpg
SF438960,False,kit_e_J73qui2bo.jpg
SF527013,True,ths_p_9p0byGlpE.jpg
SF527013,False,bath_Wj5niePWnvQ.jpg
SF527013,False,kit_ghHkI5gS6os.jpg
SF760650,True,condo_Xph_EJ-22vE.jpg
SF760650,False,bath_YCW4BEhKluw.jpg
SF760650,False,kit_hEqrwusR3Yo.jpg
SF168936,True,sfh_tyVuimFK7j0.jpg
SF168936,False,bath_Z-vTboPNGSo.jpg
SF168936,False,kit_hNKl4PQNVNo.jpg
SF385791,True,condo_YLEgdrSQP4U.jpg
SF385791,False,bath_ZDB00w2d5hY.jpg
SF385791,False,kit_hmz7nC5mEu4.jpg
SF802988,True,condo_YY139ZX_Zas.jpg
SF802988,False,bath_ZGUtbYmOGZE.jpg
SF802988,False,kit_iMZRBxo3hCs.jpg
SF277953,True,sfh_u4gADAmfrKI.jpg
SF277953,False,bath_ZIu4he3R2yQ.jpg
SF277953,False,kit_iUjIiP0sMTs.jpg
SF996605,True,sfh_vzBm3YOs2po.jpg
SF996605,False,bath_ZJghebNZhDk.jpg
SF996605,False,kit_j6QSUeiW6vo.jpg
SF281064,True,sfh_x_OkWauCnmE.jpg
SF281064,False,bath_ZZT1NLPKjZE.jpg
SF281064,False,kit_kDm04owPPEY.jpg
SF618441,True,sfh_yUPWFd4fH-w.jpg
SF618441,False,bath__zrnJ3_bzlo.jpg
SF618441,False,kit_kF3KNcoXQXY.jpg
SF537321,True,condo__5AGnG4Mh5E.jpg
SF537321,False,bath_a5t48en12Ek.jpg
SF537321,False,kit_lGEdX8UjA9k.jpg
SF856520,True,sfh_ykNBgspgK8U.jpg
SF856520,False,bath_b8bBTyWj6gM.jpg
SF856520,False,kit_lR7Zi4bEw1o.jpg
SF837475,True,mfh_2f1-T2EERtM.jpg
SF837475,False,bath_c56aJqJN_qs.jpg
SF837475,False,kit_mDc0WtyqMrk.jpg
SF432752,True,mfh_7GkH_rn6LJw.jpg
SF432752,False,bath_d0WU6KSp918.jpg
SF432752,False,kit_mgykRhBYM30.jpg
SF473689,True,sfh_z_t3F1mFsxI.jpg
SF473689,False,bath_d5yfKfMSk9o.jpg
SF473689,False,kit_n8PYmwR6hf4.jpg
SF846887,True,condo_aPD1yNUYP0w.jpg
SF846887,False,bath_d77dHDIhOB4.jpg
SF846887,False,kit_o-uPDNNSsDA.jpg
SF187619,True,mfh_8T1LOzMR7EU.jpg
SF187619,False,bath_dB_usTnVQJE.jpg
SF187619,False,kit_otjzoLhzB4o.jpg
SF211760,True,ths_phPoR3YzxLM.jpg
SF211760,False,bath_dd9nbHGCJck.jpg
SF211760,False,kit_sTy-Qs0dZsA.jpg
SF507273,True,condo_b0DHABrkRcM.jpg
SF507273,False,bath_eXy5-E9Y5uE.jpg
SF507273,False,kit_szG9kzMLcPE.jpg
SF441844,True,condo_ciHrgv7HKZE.jpg
SF441844,False,bath_en9pOa2YAKI.jpg
SF441844,False,kit_tqksyXLp2mI.jpg
SF716604,True,condo_cnXTU42C0sg.jpg
SF716604,False,bath_eoW38D7kq_Q.jpg
SF716604,False,kit_uGak0qtrphM.jpg
SF488519,True,condo_dAjb01pCoZ4.jpg
SF488519,False,bath_f8rXXuctnSw.jpg
SF488519,False,kit_wN9xVhSXi_w.jpg
SF606583,True,condo_eeoQBGB-pYg.jpg
SF606583,False,bath_fAr1AZUoYLI.jpg
SF606583,False,kit_wWEQUGmbBrE.jpg
SF987216,True,mfh_9ADXGjkn91Q.jpg
SF987216,False,bath_favDy5HiKCQ.jpg
SF987216,False,kit_waqb5i0NrX8.jpg
SF817230,True,sfh_-1zTWWTqEtA.jpg
SF817230,False,bath_ftjqFgBR7oI.jpg
SF817230,False,kit_wnAuOZeYrzI.jpg
SF654724,True,condo_f9O-1eKGlQM.jpg
SF654724,False,bath_hTyek4FccJM.jpg
SF654724,False,kit_wpa4PI1DT_A.jpg
SF920506,True,condo_fAbPOvMJgPA.jpg
SF920506,False,bath_iXpuwXVuz8E.jpg
SF920506,False,kit_x1cPojx3CNs.jpg
SF217337,True,condo_iUjIiP0sMTs.jpg
SF217337,False,bath_iXtriAA5HWk.jpg
SF217337,False,kit_x64WAw1TIcQ.jpg
SF431502,True,sfh_-Vu2dBIVaSk.jpg
SF431502,False,bath_lWqmnx1DUSk.jpg
SF431502,False,kit_xYdS2lqto7I.jpg
SF117440,True,condo_kx-gbP7lMak.jpg
SF117440,False,bath_lhIOmjqf728.jpg
SF117440,False,kit_ynVu56fpbN8.jpg
SF782354,True,sfh_0PPtQ8nWYHQ.jpg
SF782354,False,bath_lq8FnmruSjo.jpg
SF782354,False,kit_-Vfa35ueUCo.jpg
SF762254,True,condo_l6u4GIKvxBs.jpg
SF762254,False,bath_m78oBvRHBm0.jpg
SF762254,False,kit_1by_GbwEMwc.jpg
SF869947,True,ths_t294_ZZP2pg.jpg
SF869947,False,bath_mCWgrZS9p8g.jpg
SF869947,False,kit_2G1peeUqNjE.jpg
SF218651,True,condo_lLDh9JppH2c.jpg
SF218651,False,bath_n885FXAq1Bo.jpg
SF218651,False,kit_2M3QePaxX6E.jpg
SF297862,True,sfh_1N2rpX7NhNw.jpg
SF297862,False,bath_nDERc229LpE.jpg
SF297862,False,kit_2ocL2PmZ-vA.jpg
SF869343,True,condo_mw_mj-noYHM.jpg
SF869343,False,bath_odhBaZK4eA0.jpg
SF869343,False,kit_3JdubjN5xTI.jpg
SF109881,True,condo_n9CzpBTNElo.jpg
SF109881,False,bath_p9A8tpM93Hk.jpg
SF109881,False,kit_3gMTVySU4rs.jpg
SF882598,True,condo_oMB1rr7j-H8.jpg
SF882598,False,bath_rodWEAfiJaY.jpg
SF882598,False,kit_3wj-jsav7iQ.jpg
SF579838,True,mfh_9Mt_7Iq5_2Q.jpg
SF579838,False,bath_tTWCj9QyyVE.jpg
SF579838,False,kit_46xPT-w3m-k.jpg
SF799024,True,sfh_2f1-T2EERtM.jpg
SF799024,False,bath_thpj-Xk0Qjo.jpg
SF799024,False,kit_4eLBXFahryk.jpg
SF505631,True,sfh_2gPBKYGsMwc.jpg
SF505631,False,bath_tvtmoa6_rJE.jpg
SF505631,False,kit_587FXBjdako.jpg
SF422878,True,mfh_BPcIp3beEm0.jpg
SF422878,False,bath_uqWsLAr2dwE.jpg
SF422878,False,kit_5a0JBpFl22U.jpg
SF967476,True,ths_tHOYEWuIsjQ.jpg
SF967476,False,bath_uuHm2UOHRvk.jpg
SF967476,False,kit_9j9b2L0qAYU.jpg
SF711390,True,ths_tRPE-RRfoJY.jpg
SF711390,False,bath_vF56dydV4FA.jpg
SF711390,False,kit_9vFTBI69Udo.jpg
SF207527,True,sfh_3AAyCMU5Ufg.jpg
SF207527,False,bath_vFU5eLArJmM.jpg
SF207527,False,kit_BdZPID68yjM.jpg
SF746813,True,condo_rYBjSLwrfdU.jpg
SF746813,False,bath_vYUkbsJ-Aq4.jpg
SF746813,False,kit_BmqCwvRKAks.jpg
SF721549,True,sfh_45oV-f_1TiE.jpg
SF721549,False,bath_vkIgPbAIcoE.jpg
SF721549,False,kit_BxiOoyzu6-w.jpg
SF749759,True,sfh_7GkH_rn6LJw.jpg
SF749759,False,bath_w8FEsHwwL10.jpg
SF749759,False,kit_CwnPmtA2NHc.jpg
SF324396,True,mfh_DCL-6cDKEJI.jpg
SF324396,False,bath_wCY8cjzVUAM.jpg
SF324396,False,kit_DJV40FsmPSg.jpg
SF556745,True,sfh_7N0bW0a3ivM.jpg
SF556745,False,bath_yKqF8nuKPH8.jpg
SF556745,False,kit_EKUtjWUtPC0.jpg
SF641846,True,mfh_DGDZizsR5IQ.jpg
SF641846,False,bath_yb9b2wbhxG4.jpg
SF641846,False,kit_ERSaP9l-Mtw.jpg
SF846583,True,mfh_DNR2gSgrlWc.jpg
SF846583,False,bath_yzuwRu_X6Dg.jpg
SF846583,False,kit_FYnqaaBOI8k.jpg
SF817179,True,ths_uYYdOo7Ra9w.jpg
SF817179,False,bath_zBX1enOFfig.jpg
SF817179,False,kit_G7sE2S4Lab4.jpg
SF966517,True,condo_szG9kzMLcPE.jpg
SF966517,False,bath_zYIUp9jf6nI.jpg
SF966517,False,kit_GTWWwsjPFUs.jpg
SF775150,True,mfh_FIdMfOHoqUM.jpg
SF775150,False,bath_zp4pRAzc9Rs.jpg
SF775150,False,kit_I58Xjx0zzBQ.jpg
SF705469,True,ths_xb10QP8rWks.jpg
SF705469,False,bath_zynOgAH8tAg.jpg
SF705469,False,kit_IIy2d0-0Ueg.jpg
SF625553,True,condo_tHkJAMcO3QE.jpg
SF625553,False,bath_04R9dPTBYhw.jpg
SF625553,False,kit_IxBCafdQItg.jpg
SF394907,True,ths_zVCHXZ_64CM.jpg
SF394907,False,bath_1ABOGxHWrT8.jpg
SF394907,False,kit_J77Yzq9_Hcg.jpg
SF790002,True,ths_zXfCrYNbGFE.jpg
SF790002,False,bath_20HYgfVmSbA.jpg
SF790002,False,kit_JG5cNEhSwvg.jpg
SF725820,True,condo_u-RIsXlI8Q8.jpg
SF725820,False,bath_2X9H1lD_k2Q.jpg
SF725820,False,kit_JyeUdbb9TOg.jpg
SF326002,True,sfh_8BB3FxxabME.jpg
SF326002,False,bath_2cCeopgMcwc.jpg
SF326002,False,kit_K5JI_wRQqY0.jpg
SF792605,True,sfh_FIdMfOHoqUM.jpg
SF792605,False,bath_3uvhNMx_mOI.jpg
SF792605,False,kit_LC-6Dnwo6_g.jpg
SF692797,True,condo_vz9IbCAXHKQ.jpg
SF692797,False,bath_4bEhgiqWjek.jpg
SF692797,False,kit_Mr2sz24thbE.jpg
SF173791,True,condo_w1w7sQ8md0I.jpg
SF173791,False,bath_59YYIR-20xs.jpg
SF173791,False,kit_MvY303vrKR0.jpg
SF521555,True,sfh_FJgGzzDZh3o.jpg
SF521555,False,bath_6BJu73-UJpg.jpg
SF521555,False,kit_OwDrI8qIYLM.jpg
SF973274,True,condo_wFc7CtVNAIE.jpg
SF973274,False,bath_6YEMkA-2ji8.jpg
SF973274,False,kit_Q2agE_ykjI0.jpg
SF674545,True,mfh_FJgGzzDZh3o.jpg
SF674545,False,bath_7J2caL8Vy24.jpg
SF674545,False,kit_U1S7fDPMpf8.jpg
SF450781,True,condo_y8e2n6eCXmo.jpg
SF450781,False,bath_7Z2OTozIY_0.jpg
SF450781,False,kit_UIK8XJ6s54I.jpg
SF827613,True,ths_zuJLTgQ53_Q.jpg
SF827613,False,bath_8RXUZg5h_QA.jpg
SF827613,False,kit_UPbYh3A5cdg.jpg
SF423683,True,condo_yFsop3bwYoA.jpg
SF423683,False,bath_8WG4EXvdM4M.jpg
SF423683,False,kit_UTsUqb_jPKc.jpg
SF687011,True,sfh_FOEH75tqmSw.jpg
SF687011,False,bath_8qsu9Ctnsk4.jpg
SF687011,False,kit_UjfhPIONgik.jpg
SF546231,True,condo_yzkTCP4uc9E.jpg
SF546231,False,bath_Aac7IlKnYX8.jpg
SF546231,False,kit_Uw4Z5jU_G-E.jpg
SF180984,True,sfh_FUTjPQXCL-M.jpg
SF180984,False,bath_C8a-9NQOY24.jpg
SF180984,False,kit_VYI9oIKl1wE.jpg
SF325933,True,condo_-Vfa35ueUCo.jpg
SF325933,False,bath_CeQpzwT63pU.jpg
SF325933,False,kit_Vcsizp5I0kk.jpg
SF181713,True,sfh_FbKESavW4gE.jpg
SF181713,False,bath_D8ghwGaYQpw.jpg
SF181713,False,kit_VgyN_CWXQVM.jpg
SF180314,True,condo_0tVimluL_ls.jpg
SF180314,False,bath_Dk_o7KQyGkI.jpg
SF180314,False,kit_Wch5uxE6ncM.jpg
SF513184,True,condo_1vMz2_MclrM.jpg
SF513184,False,bath_FiKcg6EMneY.jpg
SF513184,False,kit_XHZKjlnIJOs.jpg
SF602695,True,condo_21xbUDIN8ao.jpg
SF602695,False,bath_Fuguvv3goCA.jpg
SF602695,False,kit_Z8BtCOoJgjo.jpg
SF690698,True,condo_3-GXEUE_sCc.jpg
SF690698,False,bath_G459ni0RpiM.jpg
SF690698,False,kit_Z8GlHfdn118.jpg
SF852023,True,condo_3CJAeBNi2YM.jpg
SF852023,False,bath_HWUfaQt6aLU.jpg
SF852023,False,kit_ZtQBm7Q1XWg.jpg
SF639925,True,ths_-VmDNbwUKMA.jpg
SF639925,False,bath_Ies-rhvusTs.jpg
SF639925,False,kit_ZuREP4hSY1c.jpg
SF402554,True,sfh_Fcanz8wm-1U.jpg
SF402554,False,bath_If8wxqKqkQg.jpg
SF402554,False,kit__AK42TQRyCw.jpg
SF796739,True,mfh_FUTjPQXCL-M.jpg
SF796739,False,bath_J4CrMTu2YBc.jpg
SF796739,False,kit__ddbqyJmdwA.jpg
SF975286,True,sfh_FjHIWqNqpVs.jpg
SF975286,False,bath_JLS-hsxIlYg.jpg
SF975286,False,kit_ac7PbDFlx7M.jpg
SF837362,True,condo_4YGsYQf7DNQ.jpg
SF837362,False,bath_M6a_MWnHJd4.jpg
SF837362,False,kit_b5QHeP4kamc.jpg
SF697152,True,mfh_FbKESavW4gE.jpg
SF697152,False,bath_MkOMgDhLpqU.jpg
SF697152,False,kit_bJOluIUkFzQ.jpg
SF322854,True,condo_4xRP0Ajk9ys.jpg
SF322854,False,bath_N03PjHWOEFA.jpg
SF322854,False,kit_cReV-cbE2L4.jpg
SF573290,True,condo_5O-KFVmKSjY.jpg
SF573290,False,bath_N9P3lkJvTIg.jpg
SF573290,False,kit_cfNXvIrsbhM.jpg
SF838234,True,condo_6I1TlhDhfX8.jpg
SF838234,False,bath_NBoqOuPgc0A.jpg
SF838234,False,kit_d4ULeg3YXZM.jpg
SF698944,True,sfh_G3-35-ET-HA.jpg
SF698944,False,bath_O-8VMFGgG_A.jpg
SF698944,False,kit_e4HlK1TPG9A.jpg
SF181169,True,condo_6cFOz5A9ZoQ.jpg
SF181169,False,bath_ODU4mXpF-5I.jpg
SF181169,False,kit_eEkAqh5L4h0.jpg
SF703333,True,ths_0IFb_xFEdHY.jpg
SF703333,False,bath_Ok8MRXNyEug.jpg
SF703333,False,kit_e_J73qui2bo.jpg
SF960839,True,condo_7Kk8ONcAXqk.jpg
SF960839,False,bath_Ou6pG_CEuZk.jpg
SF960839,False,kit_ghHkI5gS6os.jpg
SF801524,True,condo_8L3sarFsV8E.jpg
SF801524,False,bath_PibraWHb4h8.jpg
SF801524,False,kit_hEqrwusR3Yo.jpg
SF275250,True,condo_9b7wGJQaScw.jpg
SF275250,False,bath_PoXaUHUa-Tg.jpg
SF275250,False,kit_hNKl4PQNVNo.jpg
SF732319,True,sfh_HadloobmnQs.jpg
SF732319,False,bath_Q6-CbUd2n3k.jpg
SF732319,False,kit_hmz7nC5mEu4.jpg
SF299218,True,condo_Ava8oCm00B8.jpg
SF299218,False,bath_Q_e30nHPfMU.jpg
SF299218,False,kit_iMZRBxo3hCs.jpg
SF927743,True,condo_CQFZX-In0KI.jpg
SF927743,False,bath_RMnc22CwVVA.jpg
SF927743,False,kit_iUjIiP0sMTs.jpg
SF581830,True,sfh_I-rF9EqWEEM.jpg
SF581830,False,bath_Rk3fgPWl-J4.jpg
SF581830,False,kit_j6QSUeiW6vo.jpg
SF699218,True,mfh_Fcanz8wm-1U.jpg
SF699218,False,bath_THFG10Ar8Ug.jpg
SF699218,False,kit_kDm04owPPEY.jpg
SF180171,True,condo_Dua0qvBmBtY.jpg
SF180171,False,bath_VCUbsNJdZpQ.jpg
SF180171,False,kit_kF3KNcoXQXY.jpg
SF454873,True,sfh_J4M-9YrqJ40.jpg
SF454873,False,bath_Wj5niePWnvQ.jpg
SF454873,False,kit_lGEdX8UjA9k.jpg
SF688230,True,sfh_K-i0Oy5Mb_o.jpg
SF688230,False,bath_YCW4BEhKluw.jpg
SF688230,False,kit_lR7Zi4bEw1o.jpg
SF971375,True,sfh_LBo8KX84t7o.jpg
SF971375,False,bath_Z-vTboPNGSo.jpg
SF971375,False,kit_mDc0WtyqMrk.jpg
SF324895,True,condo_ErDrzSvSNv4.jpg
SF324895,False,bath_ZDB00w2d5hY.jpg
SF324895,False,kit_mgykRhBYM30.jpg
SF279442,True,condo_HmHArS-HvNw.jpg
SF279442,False,bath_ZGUtbYmOGZE.jpg
SF279442,False,kit_n8PYmwR6hf4.jpg
SF861943,True,ths_0J7Fm1poa5k.jpg
SF861943,False,bath_ZIu4he3R2yQ.jpg
SF861943,False,kit_o-uPDNNSsDA.jpg
SF614361,True,condo_ImHGMkJ_Mvg.jpg
SF614361,False,bath_ZJghebNZhDk.jpg
SF614361,False,kit_otjzoLhzB4o.jpg
SF692694,True,ths_1RFsSKIgMIc.jpg
SF692694,False,bath_ZZT1NLPKjZE.jpg
SF692694,False,kit_sTy-Qs0dZsA.jpg
SF915520,True,sfh_LErk0lPlbG0.jpg
SF915520,False,bath__zrnJ3_bzlo.jpg
SF915520,False,kit_szG9kzMLcPE.jpg
SF192200,True,sfh_MgZRW4UT6t0.jpg
SF192200,False,bath_a5t48en12Ek.jpg
SF192200,False,kit_tqksyXLp2mI.jpg
SF978617,True,sfh_NTxbt7mwgoE.jpg
SF978617,False,bath_b8bBTyWj6gM.jpg
SF978617,False,kit_uGak0qtrphM.jpg
SF942513,True,ths_30ODO5baYZQ.jpg
SF942513,False,bath_c56aJqJN_qs.jpg
SF942513,False,kit_wN9xVhSXi_w.jpg
SF239455,True,condo_JDBVXignFdA.jpg
SF239455,False,bath_d0WU6KSp918.jpg
SF239455,False,kit_wWEQUGmbBrE.jpg
SF834557,True,condo_KYM5QsbRsxk.jpg
SF834557,False,bath_d5yfKfMSk9o.jpg
SF834557,False,kit_waqb5i0NrX8.jpg
SF688831,True,sfh_NgX_u6i2Sx0.jpg
SF688831,False,bath_d77dHDIhOB4.jpg
SF688831,False,kit_wnAuOZeYrzI.jpg
SF589601,True,sfh_Nh81vA19t68.jpg
SF589601,False,bath_dB_usTnVQJE.jpg
SF589601,False,kit_wpa4PI1DT_A.jpg
SF660975,True,mfh_Fiq341OZyMk.jpg
SF660975,False,bath_dd9nbHGCJck.jpg
SF660975,False,kit_x1cPojx3CNs.jpg
SF743912,True,condo_KjNvwujW58w.jpg
SF743912,False,bath_eXy5-E9Y5uE.jpg
SF743912,False,kit_x64WAw1TIcQ.jpg
SF391527,True,sfh_NmVnsp13JYc.jpg
SF391527,False,bath_en9pOa2YAKI.jpg
SF391527,False,kit_xYdS2lqto7I.jpg
SF919576,True,sfh_O7Dpx2avGyw.jpg
SF919576,False,bath_eoW38D7kq_Q.jpg
SF919576,False,kit_ynVu56fpbN8.jpg
SF896021,True,condo_LFlbLb8vJls.jpg
SF896021,False,bath_f8rXXuctnSw.jpg
SF896021,False,kit_-Vfa35ueUCo.jpg
SF341098,True,sfh_SQ3iMGteT6s.jpg
SF341098,False,bath_fAr1AZUoYLI.jpg
SF341098,False,kit_1by_GbwEMwc.jpg
SF604474,True,condo_LZ3IQuhGbQE.jpg
SF604474,False,bath_favDy5HiKCQ.jpg
SF604474,False,kit_2G1peeUqNjE.jpg
SF972010,True,sfh_Se9N2dUOvMY.jpg
SF972010,False,bath_ftjqFgBR7oI.jpg
SF972010,False,kit_2M3QePaxX6E.jpg
SF301721,True,ths_5O-KFVmKSjY.jpg
SF301721,False,bath_hTyek4FccJM.jpg
SF301721,False,kit_2ocL2PmZ-vA.jpg
SF863518,True,sfh_ShMXVbvoaOo.jpg
SF863518,False,bath_iXpuwXVuz8E.jpg
SF863518,False,kit_3JdubjN5xTI.jpg
SF502109,True,mfh_GBM6OycOWw8.jpg
SF502109,False,bath_iXtriAA5HWk.jpg
SF502109,False,kit_3gMTVySU4rs.jpg
SF456799,True,condo_Ps3VqTGfWhU.jpg
SF456799,False,bath_lWqmnx1DUSk.jpg
SF456799,False,kit_3wj-jsav7iQ.jpg
SF118079,True,ths_5Z6XRKHc98g.jpg
SF118079,False,bath_lhIOmjqf728.jpg
SF118079,False,kit_46xPT-w3m-k.jpg
SF993859,True,mfh_GemMSIG5lWQ.jpg
SF993859,False,bath_lq8FnmruSjo.jpg
SF993859,False,kit_4eLBXFahryk.jpg
SF301935,True,condo_Qe8eMrwTW5g.jpg
SF301935,False,bath_m78oBvRHBm0.jpg
SF301935,False,kit_587FXBjdako.jpg
SF928309,True,ths_5udBKkXTUK8.jpg
SF928309,False,bath_mCWgrZS9p8g.jpg
SF928309,False,kit_5a0JBpFl22U.jpg
SF123447,True,sfh_TX6dBiMwBV0.jpg
SF123447,False,bath_n885FXAq1Bo.jpg
SF123447,False,kit_9j9b2L0qAYU.jpg
SF161930,True,sfh_W3pXpFeDxjo.jpg
SF161930,False,bath_nDERc229LpE.jpg
SF161930,False,kit_9vFTBI69Udo.jpg
SF107095,True,condo_QlA5N4Vnp3g.jpg
SF107095,False,bath_odhBaZK4eA0.jpg
SF107095,False,kit_BdZPID68yjM.jpg
SF214234,True,sfh_WvkEiDEMshM.jpg
SF214234,False,bath_p9A8tpM93Hk.jpg
SF214234,False,kit_BmqCwvRKAks.jpg
SF821030,True,condo_R5N6_0giS68.jpg
SF821030,False,bath_rodWEAfiJaY.jpg
SF821030,False,kit_BxiOoyzu6-w.jpg
SF665211,True,sfh_XFQuzV6WXls.jpg
SF665211,False,bath_tTWCj9QyyVE.jpg
SF665211,False,kit_CwnPmtA2NHc.jpg
SF568458,True,condo_SB3hlhAl2zc.jpg
SF568458,False,bath_thpj-Xk0Qjo.jpg
SF568458,False,kit_DJV40FsmPSg.jpg
SF921771,True,sfh_YRjJsGRIUeM.jpg
SF921771,False,bath_tvtmoa6_rJE.jpg
SF921771,False,kit_EKUtjWUtPC0.jpg
SF829739,True,ths_6zrKk8H5qUU.jpg
SF829739,False,bath_uqWsLAr2dwE.jpg
SF829739,False,kit_ERSaP9l-Mtw.jpg
SF257128,True,condo_UlIj_qKpgCw.jpg
SF257128,False,bath_uuHm2UOHRvk.jpg
SF257128,False,kit_FYnqaaBOI8k.jpg
SF302779,True,condo_WDUtNbot6Qw.jpg
SF302779,False,bath_vF56dydV4FA.jpg
SF302779,False,kit_G7sE2S4Lab4.jpg
SF256975,True,sfh_YlgnN7zVQts.jpg
SF256975,False,bath_vFU5eLArJmM.jpg
SF256975,False,kit_GTWWwsjPFUs.jpg
SF889432,True,condo_WIPVrs5meCA.jpg
SF889432,False,bath_vYUkbsJ-Aq4.jpg
SF889432,False,kit_I58Xjx0zzBQ.jpg
SF102726,True,ths_74S7ErO7Ghk.jpg
SF102726,False,bath_vkIgPbAIcoE.jpg
SF102726,False,kit_IIy2d0-0Ueg.jpg
SF275708,True,sfh_ZsKR2QGF8GI.jpg
SF275708,False,bath_w8FEsHwwL10.jpg
SF275708,False,kit_IxBCafdQItg.jpg
SF398678,True,sfh__dcBEkOkyQE.jpg
SF398678,False,bath_wCY8cjzVUAM.jpg
SF398678,False,kit_J77Yzq9_Hcg.jpg
SF714696,True,condo_WgkA3CSFrjc.jpg
SF714696,False,bath_yKqF8nuKPH8.jpg
SF714696,False,kit_JG5cNEhSwvg.jpg
SF415364,True,condo_Xp-w9H_tMOY.jpg
SF415364,False,bath_yb9b2wbhxG4.jpg
SF415364,False,kit_JyeUdbb9TOg.jpg
SF285530,True,sfh_bKAVCSjN0nU.jpg
SF285530,False,bath_yzuwRu_X6Dg.jpg
SF285530,False,kit_K5JI_wRQqY0.jpg
SF928243,True,condo_Xph_EJ-22vE.jpg
SF928243,False,bath_zBX1enOFfig.jpg
SF928243,False,kit_LC-6Dnwo6_g.jpg
SF700349,True,sfh_bN-7tqSMr88.jpg
SF700349,False,bath_zYIUp9jf6nI.jpg
SF700349,False,kit_Mr2sz24thbE.jpg
SF293076,True,ths_9IinInWVU4k.jpg
SF293076,False,bath_zp4pRAzc9Rs.jpg
SF293076,False,kit_MvY303vrKR0.jpg
SF790563,True,sfh_bTD6SgQlhKE.jpg
SF790563,False,bath_zynOgAH8tAg.jpg
SF790563,False,kit_OwDrI8qIYLM.jpg
SF222763,True,mfh_H5moqYgDEiA.jpg
SF222763,False,bath_04R9dPTBYhw.jpg
SF222763,False,kit_Q2agE_ykjI0.jpg
SF737839,True,ths_9ofVFD5grWI.jpg
SF737839,False,bath_1ABOGxHWrT8.jpg
SF737839,False,kit_U1S7fDPMpf8.jpg
SF487475,True,condo_YLEgdrSQP4U.jpg
SF487475,False,bath_20HYgfVmSbA.jpg
SF487475,False,kit_UIK8XJ6s54I.jpg
SF349871,True,condo_YY139ZX_Zas.jpg
SF349871,False,bath_2X9H1lD_k2Q.jpg
SF349871,False,kit_UPbYh3A5cdg.jpg
SF935156,True,mfh_HrDzlGEudAY.jpg
SF935156,False,bath_2cCeopgMcwc.jpg
SF935156,False,kit_UTsUqb_jPKc.jpg
SF466334,True,sfh_cbTb-qDQX80.jpg
SF466334,False,bath_3uvhNMx_mOI.jpg
SF466334,False,kit_UjfhPIONgik.jpg
SF541984,True,sfh_dAvFTeKneyk.jpg
SF541984,False,bath_4bEhgiqWjek.jpg
SF541984,False,kit_Uw4Z5jU_G-E.jpg
SF912270,True,ths_E1NWTbYYofk.jpg
SF912270,False,bath_59YYIR-20xs.jpg
SF912270,False,kit_VYI9oIKl1wE.jpg
SF960350,True,sfh_dMpJ3bP8D9w.jpg
SF960350,False,bath_6BJu73-UJpg.jpg
SF960350,False,kit_Vcsizp5I0kk.jpg
SF181739,True,condo__5AGnG4Mh5E.jpg
SF181739,False,bath_6YEMkA-2ji8.jpg
SF181739,False,kit_VgyN_CWXQVM.jpg
SF293898,True,condo_aPD1yNUYP0w.jpg
SF293898,False,bath_7J2caL8Vy24.jpg
SF293898,False,kit_Wch5uxE6ncM.jpg
SF896346,True,ths_EKYawwTpUSQ.jpg
SF896346,False,bath_7Z2OTozIY_0.jpg
SF896346,False,kit_XHZKjlnIJOs.jpg
SF422439,True,condo_b0DHABrkRcM.jpg
SF422439,False,bath_8RXUZg5h_QA.jpg
SF422439,False,kit_Z8BtCOoJgjo.jpg
SF774143,True,sfh_fn6x1TL290w.jpg
SF774143,False,bath_8WG4EXvdM4M.jpg
SF774143,False,kit_Z8GlHfdn118.jpg
SF235945,True,sfh_ivD2QRl8KfQ.jpg
SF235945,False,bath_8qsu9Ctnsk4.jpg
SF235945,False,kit_ZtQBm7Q1XWg.jpg
SF191448,True,sfh_j1lLBlbEMTo.jpg
SF191448,False,bath_Aac7IlKnYX8.jpg
SF191448,False,kit_ZuREP4hSY1c.jpg
SF285756,True,condo_ciHrgv7HKZE.jpg
SF285756,False,bath_C8a-9NQOY24.jpg
SF285756,False,kit__AK42TQRyCw.jpg
SF158629,True,sfh_jOGgTu1uuoA.jpg
SF158629,False,bath_CeQpzwT63pU.jpg
SF158629,False,kit__ddbqyJmdwA.jpg
SF993740,True,condo_cnXTU42C0sg.jpg
SF993740,False,bath_D8ghwGaYQpw.jpg
SF993740,False,kit_ac7PbDFlx7M.jpg
SF292390,True,condo_dAjb01pCoZ4.jpg
SF292390,False,bath_Dk_o7KQyGkI.jpg
SF292390,False,kit_b5QHeP4kamc.jpg
SF654090,True,condo_eeoQBGB-pYg.jpg
SF654090,False,bath_FiKcg6EMneY.jpg
SF654090,False,kit_bJOluIUkFzQ.jpg
SF637499,True,ths_EmnBWeMp_aQ.jpg
SF637499,False,bath_Fuguvv3goCA.jpg
SF637499,False,kit_cReV-cbE2L4.jpg
SF762579,True,ths_FOSg2A5NdQ8.jpg
SF762579,False,bath_G459ni0RpiM.jpg
SF762579,False,kit_cfNXvIrsbhM.jpg
SF967503,True,sfh_lx-FLZx3iQk.jpg
SF967503,False,bath_HWUfaQt6aLU.jpg
SF967503,False,kit_d4ULeg3YXZM.jpg
SF942922,True,ths_H1SEUz5oxjo.jpg
SF942922,False,bath_Ies-rhvusTs.jpg
SF942922,False,kit_e4HlK1TPG9A.jpg
SF375408,True,ths_Hs_NoDtXysE.jpg
SF375408,False,bath_If8wxqKqkQg.jpg
SF375408,False,kit_eEkAqh5L4h0.jpg
SF834831,True,condo_f9O-1eKGlQM.jpg
SF834831,False,bath_J4CrMTu2YBc.jpg
SF834831,False,kit_e_J73qui2bo.jpg
SF747966,True,ths_IOWG5lg7BWc.jpg
SF747966,False,bath_JLS-hsxIlYg.jpg
SF747966,False,kit_ghHkI5gS6os.jpg
SF312368,True,condo_fAbPOvMJgPA.jpg
SF312368,False,bath_M6a_MWnHJd4.jpg
SF312368,False,kit_hEqrwusR3Yo.jpg
SF285026,True,sfh_mD5xhIwVFkY.jpg
SF285026,False,bath_MkOMgDhLpqU.jpg
SF285026,False,kit_hNKl4PQNVNo.jpg
SF283611,True,sfh_nbf9DiDvLeU.jpg
SF283611,False,bath_N03PjHWOEFA.jpg
SF283611,False,kit_hmz7nC5mEu4.jpg
SF343911,True,condo_iUjIiP0sMTs.jpg
SF343911,False,bath_N9P3lkJvTIg.jpg
SF343911,False,kit_iMZRBxo3hCs.jpg
SF571725,True,sfh_ns2Ai6cWTv0.jpg
SF571725,False,bath_NBoqOuPgc0A.jpg
SF571725,False,kit_iUjIiP0sMTs.jpg
SF984390,True,sfh_r4bt3xNyRSw.jpg
SF984390,False,bath_O-8VMFGgG_A.jpg
SF984390,False,kit_j6QSUeiW6vo.jpg
SF258343,True,mfh_I-rF9EqWEEM.jpg
SF258343,False,bath_ODU4mXpF-5I.jpg
SF258343,False,kit_kDm04owPPEY.jpg
SF669212,True,condo_kx-gbP7lMak.jpg
SF669212,False,bath_Ok8MRXNyEug.jpg
SF669212,False,kit_kF3KNcoXQXY.jpg
SF283936,True,ths_Jo2bCJgitPE.jpg
SF283936,False,bath_Ou6pG_CEuZk.jpg
SF283936,False,kit_lGEdX8UjA9k.jpg
SF297857,True,ths_KjNvwujW58w.jpg
SF297857,False,bath_PibraWHb4h8.jpg
SF297857,False,kit_lR7Zi4bEw1o.jpg
SF666679,True,condo_l6u4GIKvxBs.jpg
SF666679,False,bath_PoXaUHUa-Tg.jpg
SF666679,False,kit_mDc0WtyqMrk.jpg
SF956106,True,sfh_rSZ_cp8_1Us.jpg
SF956106,False,bath_Q6-CbUd2n3k.jpg
SF956106,False,kit_mgykRhBYM30.jpg
SF327812,True,condo_lLDh9JppH2c.jpg
SF327812,False,bath_Q_e30nHPfMU.jpg
SF327812,False,kit_n8PYmwR6hf4.jpg
SF264255,True,sfh_t51u2xAuWaY.jpg
SF264255,False,bath_RMnc22CwVVA.jpg
SF264255,False,kit_o-uPDNNSsDA.jpg
SF171601,True,sfh_tyVuimFK7j0.jpg
SF171601,False,bath_Rk3fgPWl-J4.jpg
SF171601,False,kit_otjzoLhzB4o.jpg
SF264108,True,ths_Mgq3t1HyDWU.jpg
SF264108,False,bath_THFG10Ar8Ug.jpg
SF264108,False,kit_sTy-Qs0dZsA.jpg
SF751711,True,mfh_IGFFFcfWmDk.jpg
SF751711,False,bath_VCUbsNJdZpQ.jpg
SF751711,False,kit_szG9kzMLcPE.jpg
SF977733,True,sfh_u4gADAmfrKI.jpg
SF977733,False,bath_Wj5niePWnvQ.jpg
SF977733,False,kit_tqksyXLp2mI.jpg
SF134987,True,sfh_vzBm3YOs2po.jpg
SF134987,False,bath_YCW4BEhKluw.jpg
SF134987,False,kit_uGak0qtrphM.jpg
SF839453,True,sfh_x_OkWauCnmE.jpg
SF839453,False,bath_Z-vTboPNGSo.jpg
SF839453,False,kit_wN9xVhSXi_w.jpg
SF956331,True,ths_NTaF5rBmlyE.jpg
SF956331,False,bath_ZDB00w2d5hY.jpg
SF956331,False,kit_wWEQUGmbBrE.jpg
SF785693,True,condo_mw_mj-noYHM.jpg
SF785693,False,bath_ZGUtbYmOGZE.jpg
SF785693,False,kit_waqb5i0NrX8.jpg
SF852383,True,sfh_yUPWFd4fH-w.jpg
SF852383,False,bath_ZIu4he3R2yQ.jpg
SF852383,False,kit_wnAuOZeYrzI.jpg
SF402649,True,condo_n9CzpBTNElo.jpg
SF402649,False,bath_ZJghebNZhDk.jpg
SF402649,False,kit_wpa4PI1DT_A.jpg
SF977684,True,sfh_ykNBgspgK8U.jpg
SF977684,False,bath_ZZT1NLPKjZE.jpg
SF977684,False,kit_x1cPojx3CNs.jpg
SF849615,True,sfh_z_t3F1mFsxI.jpg
SF849615,False,bath__zrnJ3_bzlo.jpg
SF849615,False,kit_x64WAw1TIcQ.jpg
SF169928,True,condo_oMB1rr7j-H8.jpg
SF169928,False,bath_a5t48en12Ek.jpg
SF169928,False,kit_xYdS2lqto7I.jpg
SF325246,True,sfh_-1zTWWTqEtA.jpg
SF325246,False,bath_b8bBTyWj6gM.jpg
SF325246,False,kit_ynVu56fpbN8.jpg
SF265275,True,condo_rYBjSLwrfdU.jpg
SF265275,False,bath_c56aJqJN_qs.jpg
SF265275,False,kit_-Vfa35ueUCo.jpg
SF210227,True,mfh_J4M-9YrqJ40.jpg
SF210227,False,bath_d0WU6KSp918.jpg
SF210227,False,kit_1by_GbwEMwc.jpg
SF426859,True,mfh_JZTJz8jcTDU.jpg
SF426859,False,bath_d5yfKfMSk9o.jpg
SF426859,False,kit_2G1peeUqNjE.jpg
SF226045,True,condo_szG9kzMLcPE.jpg
SF226045,False,bath_d77dHDIhOB4.jpg
SF226045,False,kit_2M3QePaxX6E.jpg
SF681147,True,condo_tHkJAMcO3QE.jpg
SF681147,False,bath_dB_usTnVQJE.jpg
SF681147,False,kit_2ocL2PmZ-vA.jpg
SF933859,True,ths_Q2wnJyyQpEs.jpg
SF933859,False,bath_dd9nbHGCJck.jpg
SF933859,False,kit_3JdubjN5xTI.jpg
SF870117,True,mfh_K-i0Oy5Mb_o.jpg
SF870117,False,bath_eXy5-E9Y5uE.jpg
SF870117,False,kit_3gMTVySU4rs.jpg
SF981256,True,mfh_K4Hn6SPRFOA.jpg
SF981256,False,bath_en9pOa2YAKI.jpg
SF981256,False,kit_3wj-jsav7iQ.jpg
SF571416,True,mfh_L3eIzgobYPU.jpg
SF571416,False,bath_eoW38D7kq_Q.jpg
SF571416,False,kit_46xPT-w3m-k.jpg
SF235924,True,condo_u-RIsXlI8Q8.jpg
SF235924,False,bath_f8rXXuctnSw.jpg
SF235924,False,kit_4eLBXFahryk.jpg
SF862251,True,mfh_LBo8KX84t7o.jpg
SF862251,False,bath_fAr1AZUoYLI.jpg
SF862251,False,kit_587FXBjdako.jpg
SF863654,True,condo_vz9IbCAXHKQ.jpg
SF863654,False,bath_favDy5HiKCQ.jpg
SF863654,False,kit_5a0JBpFl22U.jpg
SF892169,True,condo_w1w7sQ8md0I.jpg
SF892169,False,bath_ftjqFgBR7oI.jpg
SF892169,False,kit_9j9b2L0qAYU.jpg
SF949831,True,condo_wFc7CtVNAIE.jpg
SF949831,False,bath_hTyek4FccJM.jpg
SF949831,False,kit_9vFTBI69Udo.jpg
SF272245,True,ths_Qt4r-70J9N0.jpg
SF272245,False,bath_iXpuwXVuz8E.jpg
SF272245,False,kit_BdZPID68yjM.jpg
SF489678,True,sfh_-Vu2dBIVaSk.jpg
SF489678,False,bath_iXtriAA5HWk.jpg
SF489678,False,kit_BmqCwvRKAks.jpg
SF186102,True,sfh_0PPtQ8nWYHQ.jpg
SF186102,False,bath_lWqmnx1DUSk.jpg
SF186102,False,kit_BxiOoyzu6-w.jpg
SF915023,True,mfh_MgZRW4UT6t0.jpg
SF915023,False,bath_lhIOmjqf728.jpg
SF915023,False,kit_CwnPmtA2NHc.jpg
SF381599,True,mfh_MoL3tAxeyHU.jpg
SF381599,False,bath_lq8FnmruSjo.jpg
SF381599,False,kit_DJV40FsmPSg.jpg
SF893986,True,sfh_1N2rpX7NhNw.jpg
SF893986,False,bath_m78oBvRHBm0.jpg
SF893986,False,kit_EKUtjWUtPC0.jpg
SF760737,True,condo_y8e2n6eCXmo.jpg
SF760737,False,bath_mCWgrZS9p8g.jpg
SF760737,False,kit_ERSaP9l-Mtw.jpg
SF512046,True,sfh_2f1-T2EERtM.jpg
SF512046,False,bath_n885FXAq1Bo.jpg
SF512046,False,kit_FYnqaaBOI8k.jpg
SF892110,True,condo_yFsop3bwYoA.jpg
SF892110,False,bath_nDERc229LpE.jpg
SF892110,False,kit_G7sE2S4Lab4.jpg
SF319288,True,condo_yzkTCP4uc9E.jpg
SF319288,False,bath_odhBaZK4eA0.jpg
SF319288,False,kit_GTWWwsjPFUs.jpg
SF554779,True,sfh_2gPBKYGsMwc.jpg
SF554779,False,bath_p9A8tpM93Hk.jpg
SF554779,False,kit_I58Xjx0zzBQ.jpg
SF812912,True,sfh_3AAyCMU5Ufg.jpg
SF812912,False,bath_rodWEAfiJaY.jpg
SF812912,False,kit_IIy2d0-0Ueg.jpg
SF145432,True,condo_-Vfa35ueUCo.jpg
SF145432,False,bath_tTWCj9QyyVE.jpg
SF145432,False,kit_IxBCafdQItg.jpg
SF169455,True,mfh_NTxbt7mwgoE.jpg
SF169455,False,bath_thpj-Xk0Qjo.jpg
SF169455,False,kit_J77Yzq9_Hcg.jpg
SF986012,True,ths_R8BRpYkDLLg.jpg
SF986012,False,bath_tvtmoa6_rJE.jpg
SF986012,False,kit_JG5cNEhSwvg.jpg
SF335248,True,condo_0tVimluL_ls.jpg
SF335248,False,bath_uqWsLAr2dwE.jpg
SF335248,False,kit_JyeUdbb9TOg.jpg
SF499024,True,condo_1vMz2_MclrM.jpg
SF499024,False,bath_uuHm2UOHRvk.jpg
SF499024,False,kit_K5JI_wRQqY0.jpg
SF135025,True,ths_SWOmTM6WivM.jpg
SF135025,False,bath_vF56dydV4FA.jpg
SF135025,False,kit_LC-6Dnwo6_g.jpg
SF571765,True,sfh_45oV-f_1TiE.jpg
SF571765,False,bath_vFU5eLArJmM.jpg
SF571765,False,kit_Mr2sz24thbE.jpg
SF861510,True,sfh_7GkH_rn6LJw.jpg
SF861510,False,bath_vYUkbsJ-Aq4.jpg
SF861510,False,kit_MvY303vrKR0.jpg
SF803568,True,condo_21xbUDIN8ao.jpg
SF803568,False,bath_vkIgPbAIcoE.jpg
SF803568,False,kit_OwDrI8qIYLM.jpg
SF106002,True,condo_3-GXEUE_sCc.jpg
SF106002,False,bath_w8FEsHwwL10.jpg
SF106002,False,kit_Q2agE_ykjI0.jpg
SF671435,True,condo_3CJAeBNi2YM.jpg
SF671435,False,bath_wCY8cjzVUAM.jpg
SF671435,False,kit_U1S7fDPMpf8.jpg
SF579379,True,sfh_7N0bW0a3ivM.jpg
SF579379,False,bath_yKqF8nuKPH8.jpg
SF579379,False,kit_UIK8XJ6s54I.jpg
SF828125,True,condo_4YGsYQf7DNQ.jpg
SF828125,False,bath_yb9b2wbhxG4.jpg
SF828125,False,kit_UPbYh3A5cdg.jpg
SF772505,True,ths_TFadlIM3gUE.jpg
SF772505,False,bath_yzuwRu_X6Dg.jpg
SF772505,False,kit_UTsUqb_jPKc.jpg
SF691979,True,condo_4xRP0Ajk9ys.jpg
SF691979,False,bath_zBX1enOFfig.jpg
SF691979,False,kit_UjfhPIONgik.jpg
SF619521,True,condo_5O-KFVmKSjY.jpg
SF619521,False,bath_zYIUp9jf6nI.jpg
SF619521,False,kit_Uw4Z5jU_G-E.jpg
SF645575,True,condo_6I1TlhDhfX8.jpg
SF645575,False,bath_zp4pRAzc9Rs.jpg
SF645575,False,kit_VYI9oIKl1wE.jpg
SF196733,True,sfh_8BB3FxxabME.jpg
SF196733,False,bath_zynOgAH8tAg.jpg
SF196733,False,kit_Vcsizp5I0kk.jpg
SF140490,True,mfh_NgX_u6i2Sx0.jpg
SF140490,False,bath_04R9dPTBYhw.jpg
SF140490,False,kit_VgyN_CWXQVM.jpg
SF918696,True,mfh_Norc3VZfLqI.jpg
SF918696,False,bath_1ABOGxHWrT8.jpg
SF918696,False,kit_Wch5uxE6ncM.jpg
SF598190,True,condo_6cFOz5A9ZoQ.jpg
SF598190,False,bath_20HYgfVmSbA.jpg
SF598190,False,kit_XHZKjlnIJOs.jpg
SF251783,True,condo_7Kk8ONcAXqk.jpg
SF251783,False,bath_2X9H1lD_k2Q.jpg
SF251783,False,kit_Z8BtCOoJgjo.jpg
SF483094,True,sfh_FIdMfOHoqUM.jpg
SF483094,False,bath_2cCeopgMcwc.jpg
SF483094,False,kit_Z8GlHfdn118.jpg
SF861420,True,mfh_O7Dpx2avGyw.jpg
SF861420,False,bath_3uvhNMx_mOI.jpg
SF861420,False,kit_ZtQBm7Q1XWg.jpg
SF277581,True,sfh_FJgGzzDZh3o.jpg
SF277581,False,bath_4bEhgiqWjek.jpg
SF277581,False,kit_ZuREP4hSY1c.jpg
SF826083,True,condo_8L3sarFsV8E.jpg
SF826083,False,bath_59YYIR-20xs.jpg
SF826083,False,kit__AK42TQRyCw.jpg
SF126928,True,condo_9b7wGJQaScw.jpg
SF126928,False,bath_6BJu73-UJpg.jpg
SF126928,False,kit__ddbqyJmdwA.jpg
SF923280,True,condo_Ava8oCm00B8.jpg
SF923280,False,bath_6YEMkA-2ji8.jpg
SF923280,False,kit_ac7PbDFlx7M.jpg
SF173380,True,sfh_FOEH75tqmSw.jpg
SF173380,False,bath_7J2caL8Vy24.jpg
SF173380,False,kit_b5QHeP4kamc.jpg
SF303351,True,sfh_FUTjPQXCL-M.jpg
SF303351,False,bath_7Z2OTozIY_0.jpg
SF303351,False,kit_bJOluIUkFzQ.jpg
SF229490,True,condo_CQFZX-In0KI.jpg
SF229490,False,bath_8RXUZg5h_QA.jpg
SF229490,False,kit_cReV-cbE2L4.jpg
SF998244,True,condo_Dua0qvBmBtY.jpg
SF998244,False,bath_8WG4EXvdM4M.jpg
SF998244,False,kit_cfNXvIrsbhM.jpg
SF911188,True,sfh_FbKESavW4gE.jpg
SF911188,False,bath_8qsu9Ctnsk4.jpg
SF911188,False,kit_d4ULeg3YXZM.jpg
SF270701,True,mfh_OGIAx7hT2hA.jpg
SF270701,False,bath_Aac7IlKnYX8.jpg
SF270701,False,kit_e4HlK1TPG9A.jpg
SF880574,True,ths_TPzXRLb64XM.jpg
SF880574,False,bath_C8a-9NQOY24.jpg
SF880574,False,kit_eEkAqh5L4h0.jpg
SF765661,True,condo_ErDrzSvSNv4.jpg
SF765661,False,bath_CeQpzwT63pU.jpg
SF765661,False,kit_e_J73qui2bo.jpg
SF900728,True,mfh_QlBG1hIi02g.jpg
SF900728,False,bath_D8ghwGaYQpw.jpg
SF900728,False,kit_ghHkI5gS6os.jpg
SF349303,True,condo_HmHArS-HvNw.jpg
SF349303,False,bath_Dk_o7KQyGkI.jpg
SF349303,False,kit_hEqrwusR3Yo.jpg
SF128300,True,mfh_Se9N2dUOvMY.jpg
SF128300,False,bath_FiKcg6EMneY.jpg
SF128300,False,kit_hNKl4PQNVNo.jpg
SF430407,True,condo_ImHGMkJ_Mvg.jpg
SF430407,False,bath_Fuguvv3goCA.jpg
SF430407,False,kit_hmz7nC5mEu4.jpg
SF175626,True,condo_JDBVXignFdA.jpg
SF175626,False,bath_G459ni0RpiM.jpg
SF175626,False,kit_iMZRBxo3hCs.jpg
SF496809,True,ths_Te_X_tJ4sds.jpg
SF496809,False,bath_HWUfaQt6aLU.jpg
SF496809,False,kit_iUjIiP0sMTs.jpg
SF318544,True,ths_UTJUb7xO_sI.jpg
SF318544,False,bath_Ies-rhvusTs.jpg
SF318544,False,kit_j6QSUeiW6vo.jpg
SF321398,True,sfh_Fcanz8wm-1U.jpg
SF321398,False,bath_If8wxqKqkQg.jpg
SF321398,False,kit_kDm04owPPEY.jpg
SF496206,True,condo_KYM5QsbRsxk.jpg
SF496206,False,bath_J4CrMTu2YBc.jpg
SF496206,False,kit_kF3KNcoXQXY.jpg
SF753001,True,condo_KjNvwujW58w.jpg
SF753001,False,bath_JLS-hsxIlYg.jpg
SF753001,False,kit_lGEdX8UjA9k.jpg
SF386920,True,condo_LFlbLb8vJls.jpg
SF386920,False,bath_M6a_MWnHJd4.jpg
SF386920,False,kit_lR7Zi4bEw1o.jpg
SF908673,True,ths_UgIMFOlA_pk.jpg
SF908673,False,bath_MkOMgDhLpqU.jpg
SF908673,False,kit_mDc0WtyqMrk.jpg
SF744792,True,condo_LZ3IQuhGbQE.jpg
SF744792,False,bath_N03PjHWOEFA.jpg
SF744792,False,kit_mgykRhBYM30.jpg
SF416378,True,sfh_FjHIWqNqpVs.jpg
SF416378,False,bath_N9P3lkJvTIg.jpg
SF416378,False,kit_n8PYmwR6hf4.jpg
SF291202,True,condo_Ps3VqTGfWhU.jpg
SF291202,False,bath_NBoqOuPgc0A.jpg
SF291202,False,kit_o-uPDNNSsDA.jpg
SF942657,True,sfh_G3-35-ET-HA.jpg
SF942657,False,bath_O-8VMFGgG_A.jpg
SF942657,False,kit_otjzoLhzB4o.jpg
SF205355,True,condo_Qe8eMrwTW5g.jpg
SF205355,False,bath_ODU4mXpF-5I.jpg
SF205355,False,kit_sTy-Qs0dZsA.jpg
SF294853,True,condo_QlA5N4Vnp3g.jpg
SF294853,False,bath_Ok8MRXNyEug.jpg
SF294853,False,kit_szG9kzMLcPE.jpg
SF513825,True,sfh_HadloobmnQs.jpg
SF513825,False,bath_Ou6pG_CEuZk.jpg
SF513825,False,kit_tqksyXLp2mI.jpg
SF157263,True,condo_R5N6_0giS68.jpg
SF157263,False,bath_PibraWHb4h8.jpg
SF157263,False,kit_uGak0qtrphM.jpg
SF933953,True,condo_SB3hlhAl2zc.jpg
SF933953,False,bath_PoXaUHUa-Tg.jpg
SF933953,False,kit_wN9xVhSXi_w.jpg
SF295872,True,condo_UlIj_qKpgCw.jpg
SF295872,False,bath_Q6-CbUd2n3k.jpg
SF295872,False,kit_wWEQUGmbBrE.jpg
SF117359,True,sfh_I-rF9EqWEEM.jpg
SF117359,False,bath_Q_e30nHPfMU.jpg
SF117359,False,kit_waqb5i0NrX8.jpg
SF176384,True,condo_WDUtNbot6Qw.jpg
SF176384,False,bath_RMnc22CwVVA.jpg
SF176384,False,kit_wnAuOZeYrzI.jpg
SF757557,True,sfh_J4M-9YrqJ40.jpg
SF757557,False,bath_Rk3fgPWl-J4.jpg
SF757557,False,kit_wpa4PI1DT_A.jpg
SF363079,True,sfh_K-i0Oy5Mb_o.jpg
SF363079,False,bath_THFG10Ar8Ug.jpg
SF363079,False,kit_x1cPojx3CNs.jpg
SF507191,True,sfh_LBo8KX84t7o.jpg
SF507191,False,bath_VCUbsNJdZpQ.jpg
SF507191,False,kit_x64WAw1TIcQ.jpg
SF708208,True,condo_WIPVrs5meCA.jpg
SF708208,False,bath_Wj5niePWnvQ.jpg
SF708208,False,kit_xYdS2lqto7I.jpg
SF422980,True,condo_WgkA3CSFrjc.jpg
SF422980,False,bath_YCW4BEhKluw.jpg
SF422980,False,kit_ynVu56fpbN8.jpg
SF269374,True,sfh_LErk0lPlbG0.jpg
SF269374,False,bath_Z-vTboPNGSo.jpg
SF269374,False,kit_-Vfa35ueUCo.jpg
SF383851,True,mfh_ShMXVbvoaOo.jpg
SF383851,False,bath_ZDB00w2d5hY.jpg
SF383851,False,kit_1by_GbwEMwc.jpg
SF253939,True,ths_WIQtUv49q18.jpg
SF253939,False,bath_ZGUtbYmOGZE.jpg
SF253939,False,kit_2G1peeUqNjE.jpg
SF861393,True,condo_Xp-w9H_tMOY.jpg
SF861393,False,bath_ZIu4he3R2yQ.jpg
SF861393,False,kit_2M3QePaxX6E.jpg
SF888550,True,condo_Xph_EJ-22vE.jpg
SF888550,False,bath_ZJghebNZhDk.jpg
SF888550,False,kit_2ocL2PmZ-vA.jpg
SF876448,True,condo_YLEgdrSQP4U.jpg
SF876448,False,bath_ZZT1NLPKjZE.jpg
SF876448,False,kit_3JdubjN5xTI.jpg
SF362165,True,condo_YY139ZX_Zas.jpg
SF362165,False,bath__zrnJ3_bzlo.jpg
SF362165,False,kit_3gMTVySU4rs.jpg
SF214532,True,sfh_MgZRW4UT6t0.jpg
SF214532,False,bath_a5t48en12Ek.jpg
SF214532,False,kit_3wj-jsav7iQ.jpg
SF319009,True,sfh_NTxbt7mwgoE.jpg
SF319009,False,bath_b8bBTyWj6gM.jpg
SF319009,False,kit_46xPT-w3m-k.jpg
SF707116,True,condo__5AGnG4Mh5E.jpg
SF707116,False,bath_c56aJqJN_qs.jpg
SF707116,False,kit_4eLBXFahryk.jpg
SF428038,True,condo_aPD1yNUYP0w.jpg
SF428038,False,bath_d0WU6KSp918.jpg
SF428038,False,kit_587FXBjdako.jpg
SF476949,True,condo_b0DHABrkRcM.jpg
SF476949,False,bath_d5yfKfMSk9o.jpg
SF476949,False,kit_5a0JBpFl22U.jpg
SF149131,True,condo_ciHrgv7HKZE.jpg
SF149131,False,bath_d77dHDIhOB4.jpg
SF149131,False,kit_9j9b2L0qAYU.jpg
SF247082,True,ths_WgkA3CSFrjc.jpg
SF247082,False,bath_dB_usTnVQJE.jpg
SF247082,False,kit_9vFTBI69Udo.jpg
SF498066,True,sfh_NgX_u6i2Sx0.jpg
SF498066,False,bath_dd9nbHGCJck.jpg
SF498066,False,kit_BdZPID68yjM.jpg
SF747939,True,condo_cnXTU42C0sg.jpg
SF747939,False,bath_eXy5-E9Y5uE.jpg
SF747939,False,kit_BmqCwvRKAks.jpg
SF896881,True,ths_XaR3sYHV1gY.jpg
SF896881,False,bath_en9pOa2YAKI.jpg
SF896881,False,kit_BxiOoyzu6-w.jpg
SF595819,True,condo_dAjb01pCoZ4.jpg
SF595819,False,bath_eoW38D7kq_Q.jpg
SF595819,False,kit_CwnPmtA2NHc.jpg
SF162388,True,condo_eeoQBGB-pYg.jpg
SF162388,False,bath_f8rXXuctnSw.jpg
SF162388,False,kit_DJV40FsmPSg.jpg
SF789097,True,sfh_Nh81vA19t68.jpg
SF789097,False,bath_fAr1AZUoYLI.jpg
SF789097,False,kit_EKUtjWUtPC0.jpg
SF559518,True,mfh_U0Dv8O-Dgc4.jpg
SF559518,False,bath_favDy5HiKCQ.jpg
SF559518,False,kit_ERSaP9l-Mtw.jpg
SF418776,True,mfh_UP6AltT9fEU.jpg
SF418776,False,bath_ftjqFgBR7oI.jpg
SF418776,False,kit_FYnqaaBOI8k.jpg
SF719746,True,sfh_NmVnsp13JYc.jpg
SF719746,False,bath_hTyek4FccJM.jpg
SF719746,False,kit_G7sE2S4Lab4.jpg
SF253043,True,sfh_O7Dpx2avGyw.jpg
SF253043,False,bath_iXpuwXVuz8E.jpg
SF253043,False,kit_GTWWwsjPFUs.jpg
SF431835,True,condo_f9O-1eKGlQM.jpg
SF431835,False,bath_iXtriAA5HWk.jpg
SF431835,False,kit_I58Xjx0zzBQ.jpg
SF865959,True,sfh_SQ3iMGteT6s.jpg
SF865959,False,bath_lWqmnx1DUSk.jpg
SF865959,False,kit_IIy2d0-0Ueg.jpg
SF117348,True,condo_fAbPOvMJgPA.jpg
SF117348,False,bath_lhIOmjqf728.jpg
SF117348,False,kit_IxBCafdQItg.jpg
SF253262,True,condo_iUjIiP0sMTs.jpg
SF253262,False,bath_lq8FnmruSjo.jpg
SF253262,False,kit_J77Yzq9_Hcg.jpg
SF869194,True,condo_kx-gbP7lMak.jpg
SF869194,False,bath_m78oBvRHBm0.jpg
SF869194,False,kit_JG5cNEhSwvg.jpg
SF370821,True,sfh_Se9N2dUOvMY.jpg
SF370821,False,bath_mCWgrZS9p8g.jpg
SF370821,False,kit_JyeUdbb9TOg.jpg
SF210194,True,condo_l6u4GIKvxBs.jpg
SF210194,False,bath_n885FXAq1Bo.jpg
SF210194,False,kit_K5JI_wRQqY0.jpg
SF399252,True,condo_lLDh9JppH2c.jpg
SF399252,False,bath_nDERc229LpE.jpg
SF399252,False,kit_LC-6Dnwo6_g.jpg
SF204083,True,condo_mw_mj-noYHM.jpg
SF204083,False,bath_odhBaZK4eA0.jpg
SF204083,False,kit_Mr2sz24thbE.jpg
SF151969,True,ths_ZFOQT4D9pp8.jpg
SF151969,False,bath_p9A8tpM93Hk.jpg
SF151969,False,kit_MvY303vrKR0.jpg
SF495450,True,condo_n9CzpBTNElo.jpg
SF495450,False,bath_rodWEAfiJaY.jpg
SF495450,False,kit_OwDrI8qIYLM.jpg
SF977281,True,condo_oMB1rr7j-H8.jpg
SF977281,False,bath_tTWCj9QyyVE.jpg
SF977281,False,kit_Q2agE_ykjI0.jpg
SF388610,True,condo_rYBjSLwrfdU.jpg
SF388610,False,bath_thpj-Xk0Qjo.jpg
SF388610,False,kit_U1S7fDPMpf8.jpg
SF674551,True,condo_szG9kzMLcPE.jpg
SF674551,False,bath_tvtmoa6_rJE.jpg
SF674551,False,kit_UIK8XJ6s54I.jpg
SF143598,True,ths_Z_mjKyj1FjI.jpg
SF143598,False,bath_uqWsLAr2dwE.jpg
SF143598,False,kit_UPbYh3A5cdg.jpg
SF724916,True,sfh_ShMXVbvoaOo.jpg
SF724916,False,bath_uuHm2UOHRvk.jpg
SF724916,False,kit_UTsUqb_jPKc.jpg
SF192504,True,condo_tHkJAMcO3QE.jpg
SF192504,False,bath_vF56dydV4FA.jpg
SF192504,False,kit_UjfhPIONgik.jpg
SF306420,True,ths_ZgsIuw6aJNw.jpg
SF306420,False,bath_vFU5eLArJmM.jpg
SF306420,False,kit_Uw4Z5jU_G-E.jpg
SF237039,True,condo_u-RIsXlI8Q8.jpg
SF237039,False,bath_vYUkbsJ-Aq4.jpg
SF237039,False,kit_VYI9oIKl1wE.jpg
SF531372,True,sfh_TX6dBiMwBV0.jpg
SF531372,False,bath_vkIgPbAIcoE.jpg
SF531372,False,kit_Vcsizp5I0kk.jpg
SF397120,True,ths__7QvRhqLqd0.jpg
SF397120,False,bath_w8FEsHwwL10.jpg
SF397120,False,kit_VgyN_CWXQVM.jpg
SF950182,True,sfh_W3pXpFeDxjo.jpg
SF950182,False,bath_wCY8cjzVUAM.jpg
SF950182,False,kit_Wch5uxE6ncM.jpg
SF376783,True,condo_vz9IbCAXHKQ.jpg
SF376783,False,bath_yKqF8nuKPH8.jpg
SF376783,False,kit_XHZKjlnIJOs.jpg
SF783617,True,sfh_WvkEiDEMshM.jpg
SF783617,False,bath_yb9b2wbhxG4.jpg
SF783617,False,kit_Z8BtCOoJgjo.jpg
SF641604,True,sfh_XFQuzV6WXls.jpg
SF641604,False,bath_yzuwRu_X6Dg.jpg
SF641604,False,kit_Z8GlHfdn118.jpg
SF193055,True,sfh_YRjJsGRIUeM.jpg
SF193055,False,bath_zBX1enOFfig.jpg
SF193055,False,kit_ZtQBm7Q1XWg.jpg
SF679299,True,condo_w1w7sQ8md0I.jpg
SF679299,False,bath_zYIUp9jf6nI.jpg
SF679299,False,kit_ZuREP4hSY1c.jpg
SF200129,True,condo_wFc7CtVNAIE.jpg
SF200129,False,bath_zp4pRAzc9Rs.jpg
SF200129,False,kit__AK42TQRyCw.jpg
SF963648,True,mfh_VM-ysVxPv6w.jpg
SF963648,False,bath_zynOgAH8tAg.jpg
SF963648,False,kit__ddbqyJmdwA.jpg
SF746752,True,condo_y8e2n6eCXmo.jpg
SF746752,False,bath_04R9dPTBYhw.jpg
SF746752,False,kit_ac7PbDFlx7M.jpg
SF665897,True,condo_yFsop3bwYoA.jpg
SF665897,False,bath_1ABOGxHWrT8.jpg
SF665897,False,kit_b5QHeP4kamc.jpg
SF111480,True,ths_aPD1yNUYP0w.jpg
SF111480,False,bath_20HYgfVmSbA.jpg
SF111480,False,kit_bJOluIUkFzQ.jpg
SF573229,True,condo_yzkTCP4uc9E.jpg
SF573229,False,bath_2X9H1lD_k2Q.jpg
SF573229,False,kit_cReV-cbE2L4.jpg
SF133680,True,condo_-Vfa35ueUCo.jpg
SF133680,False,bath_2cCeopgMcwc.jpg
SF133680,False,kit_cfNXvIrsbhM.jpg
SF263421,True,condo_0tVimluL_ls.jpg
SF263421,False,bath_3uvhNMx_mOI.jpg
SF263421,False,kit_d4ULeg3YXZM.jpg
SF199563,True,sfh_YlgnN7zVQts.jpg
SF199563,False,bath_4bEhgiqWjek.jpg
SF199563,False,kit_e4HlK1TPG9A.jpg
SF942607,True,ths_anm2W21Q2EQ.jpg
SF942607,False,bath_59YYIR-20xs.jpg
SF942607,False,kit_eEkAqh5L4h0.jpg
SF165057,True,condo_1vMz2_MclrM.jpg
SF165057,False,bath_6BJu73-UJpg.jpg
SF165057,False,kit_e_J73qui2bo.jpg
SF939014,True,condo_21xbUDIN8ao.jpg
SF939014,False,bath_6YEMkA-2ji8.jpg
SF939014,False,kit_ghHkI5gS6os.jpg
SF496319,True,condo_3-GXEUE_sCc.jpg
SF496319,False,bath_7J2caL8Vy24.jpg
SF496319,False,kit_hEqrwusR3Yo.jpg
SF274126,True,sfh_ZsKR2QGF8GI.jpg
SF274126,False,bath_7Z2OTozIY_0.jpg
SF274126,False,kit_hNKl4PQNVNo.jpg
SF676814,True,sfh__dcBEkOkyQE.jpg
SF676814,False,bath_8RXUZg5h_QA.jpg
SF676814,False,kit_hmz7nC5mEu4.jpg
SF872184,True,condo_3CJAeBNi2YM.jpg
SF872184,False,bath_8WG4EXvdM4M.jpg
SF872184,False,kit_iMZRBxo3hCs.jpg
SF700201,True,condo_4YGsYQf7DNQ.jpg
SF700201,False,bath_8qsu9Ctnsk4.jpg
SF700201,False,kit_iUjIiP0sMTs.jpg
SF527667,True,sfh_bKAVCSjN0nU.jpg
SF527667,False,bath_Aac7IlKnYX8.jpg
SF527667,False,kit_j6QSUeiW6vo.jpg
SF474430,True,sfh_bN-7tqSMr88.jpg
SF474430,False,bath_C8a-9NQOY24.jpg
SF474430,False,kit_kDm04owPPEY.jpg
SF799847,True,condo_4xRP0Ajk9ys.jpg
SF799847,False,bath_CeQpzwT63pU.jpg
SF799847,False,kit_kF3KNcoXQXY.jpg
SF214657,True,condo_5O-KFVmKSjY.jpg
SF214657,False,bath_D8ghwGaYQpw.jpg
SF214657,False,kit_lGEdX8UjA9k.jpg
SF316635,True,condo_6I1TlhDhfX8.jpg
SF316635,False,bath_Dk_o7KQyGkI.jpg
SF316635,False,kit_lR7Zi4bEw1o.jpg
SF820986,True,condo_6cFOz5A9ZoQ.jpg
SF820986,False,bath_FiKcg6EMneY.jpg
SF820986,False,kit_mDc0WtyqMrk.jpg
SF383765,True,condo_7Kk8ONcAXqk.jpg
SF383765,False,bath_Fuguvv3goCA.jpg
SF383765,False,kit_mgykRhBYM30.jpg
SF359806,True,condo_8L3sarFsV8E.jpg
SF359806,False,bath_G459ni0RpiM.jpg
SF359806,False,kit_n8PYmwR6hf4.jpg
SF257233,True,condo_9b7wGJQaScw.jpg
SF257233,False,bath_HWUfaQt6aLU.jpg
SF257233,False,kit_o-uPDNNSsDA.jpg
SF864333,True,condo_Ava8oCm00B8.jpg
SF864333,False,bath_Ies-rhvusTs.jpg
SF864333,False,kit_otjzoLhzB4o.jpg
SF970147,True,sfh_bTD6SgQlhKE.jpg
SF970147,False,bath_If8wxqKqkQg.jpg
SF970147,False,kit_sTy-Qs0dZsA.jpg
SF736405,True,ths_bN_TkedaBuQ.jpg
SF736405,False,bath_J4CrMTu2YBc.jpg
SF736405,False,kit_szG9kzMLcPE.jpg
SF110774,True,sfh_cbTb-qDQX80.jpg
SF110774,False,bath_JLS-hsxIlYg.jpg
SF110774,False,kit_tqksyXLp2mI.jpg
SF203383,True,sfh_dAvFTeKneyk.jpg
SF203383,False,bath_M6a_MWnHJd4.jpg
SF203383,False,kit_uGak0qtrphM.jpg
SF989340,True,condo_CQFZX-In0KI.jpg
SF989340,False,bath_MkOMgDhLpqU.jpg
SF989340,False,kit_wN9xVhSXi_w.jpg
SF154365,True,condo_Dua0qvBmBtY.jpg
SF154365,False,bath_N03PjHWOEFA.jpg
SF154365,False,kit_wWEQUGmbBrE.jpg
SF586872,True,condo_ErDrzSvSNv4.jpg
SF586872,False,bath_N9P3lkJvTIg.jpg
SF586872,False,kit_waqb5i0NrX8.jpg
SF846212,True,sfh_dMpJ3bP8D9w.jpg
SF846212,False,bath_NBoqOuPgc0A.jpg
SF846212,False,kit_wnAuOZeYrzI.jpg
SF596777,True,mfh_VfS05m0v25E.jpg
SF596777,False,bath_O-8VMFGgG_A.jpg
SF596777,False,kit_wpa4PI1DT_A.jpg
SF371344,True,condo_HmHArS-HvNw.jpg
SF371344,False,bath_ODU4mXpF-5I.jpg
SF371344,False,kit_x1cPojx3CNs.jpg
SF698030,True,ths_dUCr-Zib-30.jpg
SF698030,False,bath_Ok8MRXNyEug.jpg
SF698030,False,kit_x64WAw1TIcQ.jpg
SF464631,True,condo_ImHGMkJ_Mvg.jpg
SF464631,False,bath_Ou6pG_CEuZk.jpg
SF464631,False,kit_xYdS2lqto7I.jpg
SF823661,True,condo_JDBVXignFdA.jpg
SF823661,False,bath_PibraWHb4h8.jpg
SF823661,False,kit_ynVu56fpbN8.jpg
SF526431,True,mfh_Wfjc6Wyjohs.jpg
SF526431,False,bath_PoXaUHUa-Tg.jpg
SF526431,False,kit_-Vfa35ueUCo.jpg
SF314861,True,condo_KYM5QsbRsxk.jpg
SF314861,False,bath_Q6-CbUd2n3k.jpg
SF314861,False,kit_1by_GbwEMwc.jpg
SF757847,True,condo_KjNvwujW58w.jpg
SF757847,False,bath_Q_e30nHPfMU.jpg
SF757847,False,kit_2G1peeUqNjE.jpg
SF848030,True,sfh_fn6x1TL290w.jpg
SF848030,False,bath_RMnc22CwVVA.jpg
SF848030,False,kit_2M3QePaxX6E.jpg
SF762703,True,condo_LFlbLb8vJls.jpg
SF762703,False,bath_Rk3fgPWl-J4.jpg
SF762703,False,kit_2ocL2PmZ-vA.jpg
SF907187,True,condo_LZ3IQuhGbQE.jpg
SF907187,False,bath_THFG10Ar8Ug.jpg
SF907187,False,kit_3JdubjN5xTI.jpg
SF727438,True,sfh_ivD2QRl8KfQ.jpg
SF727438,False,bath_VCUbsNJdZpQ.jpg
SF727438,False,kit_3gMTVySU4rs.jpg
SF187870,True,sfh_j1lLBlbEMTo.jpg
SF187870,False,bath_Wj5niePWnvQ.jpg
SF187870,False,kit_3wj-jsav7iQ.jpg
SF192731,True,sfh_jOGgTu1uuoA.jpg
SF192731,False,bath_YCW4BEhKluw.jpg
SF192731,False,kit_46xPT-w3m-k.jpg
SF557346,True,condo_Ps3VqTGfWhU.jpg
SF557346,False,bath_Z-vTboPNGSo.jpg
SF557346,False,kit_4eLBXFahryk.jpg
SF668838,True,condo_Qe8eMrwTW5g.jpg
SF668838,False,bath_ZDB00w2d5hY.jpg
SF668838,False,kit_587FXBjdako.jpg
SF871343,True,sfh_lx-FLZx3iQk.jpg
SF871343,False,bath_ZGUtbYmOGZE.jpg
SF871343,False,kit_5a0JBpFl22U.jpg
SF465262,True,ths_fReaYyffTxM.jpg
SF465262,False,bath_ZIu4he3R2yQ.jpg
SF465262,False,kit_9j9b2L0qAYU.jpg
SF920228,True,sfh_mD5xhIwVFkY.jpg
SF920228,False,bath_ZJghebNZhDk.jpg
SF920228,False,kit_9vFTBI69Udo.jpg
SF463401,True,sfh_nbf9DiDvLeU.jpg
SF463401,False,bath_ZZT1NLPKjZE.jpg
SF463401,False,kit_BdZPID68yjM.jpg
SF453372,True,ths_fZdVat1ldlE.jpg
SF453372,False,bath__zrnJ3_bzlo.jpg
SF453372,False,kit_BmqCwvRKAks.jpg
SF608529,True,condo_QlA5N4Vnp3g.jpg
SF608529,False,bath_a5t48en12Ek.jpg
SF608529,False,kit_BxiOoyzu6-w.jpg
SF221950,True,condo_R5N6_0giS68.jpg
SF221950,False,bath_b8bBTyWj6gM.jpg
SF221950,False,kit_CwnPmtA2NHc.jpg
SF912607,True,mfh_XFQuzV6WXls.jpg
SF912607,False,bath_c56aJqJN_qs.jpg
SF912607,False,kit_DJV40FsmPSg.jpg
SF729887,True,sfh_ns2Ai6cWTv0.jpg
SF729887,False,bath_d0WU6KSp918.jpg
SF729887,False,kit_EKUtjWUtPC0.jpg
SF923838,True,condo_SB3hlhAl2zc.jpg
SF923838,False,bath_d5yfKfMSk9o.jpg
SF923838,False,kit_ERSaP9l-Mtw.jpg
SF598674,True,sfh_r4bt3xNyRSw.jpg
SF598674,False,bath_d77dHDIhOB4.jpg
SF598674,False,kit_FYnqaaBOI8k.jpg
SF891661,True,condo_UlIj_qKpgCw.jpg
SF891661,False,bath_dB_usTnVQJE.jpg
SF891661,False,kit_G7sE2S4Lab4.jpg
SF839478,True,sfh_rSZ_cp8_1Us.jpg
SF839478,False,bath_dd9nbHGCJck.jpg
SF839478,False,kit_GTWWwsjPFUs.jpg
SF875989,True,sfh_t51u2xAuWaY.jpg
SF875989,False,bath_eXy5-E9Y5uE.jpg
SF875989,False,kit_I58Xjx0zzBQ.jpg
SF822667,True,condo_WDUtNbot6Qw.jpg
SF822667,False,bath_en9pOa2YAKI.jpg
SF822667,False,kit_IIy2d0-0Ueg.jpg
SF325038,True,condo_WIPVrs5meCA.jpg
SF325038,False,bath_eoW38D7kq_Q.jpg
SF325038,False,kit_IxBCafdQItg.jpg
SF738843,True,condo_WgkA3CSFrjc.jpg
SF738843,False,bath_f8rXXuctnSw.jpg
SF738843,False,kit_J77Yzq9_Hcg.jpg
SF922337,True,condo_Xp-w9H_tMOY.jpg
SF922337,False,bath_fAr1AZUoYLI.jpg
SF922337,False,kit_JG5cNEhSwvg.jpg
SF223191,True,condo_Xph_EJ-22vE.jpg
SF223191,False,bath_favDy5HiKCQ.jpg
SF223191,False,kit_JyeUdbb9TOg.jpg
SF432024,True,ths_fpEB1eCqkx0.jpg
SF432024,False,bath_ftjqFgBR7oI.jpg
SF432024,False,kit_K5JI_wRQqY0.jpg
SF894385,True,sfh_tyVuimFK7j0.jpg
SF894385,False,bath_hTyek4FccJM.jpg
SF894385,False,kit_LC-6Dnwo6_g.jpg
SF665647,True,sfh_u4gADAmfrKI.jpg
SF665647,False,bath_iXpuwXVuz8E.jpg
SF665647,False,kit_Mr2sz24thbE.jpg
SF129495,True,sfh_vzBm3YOs2po.jpg
SF129495,False,bath_iXtriAA5HWk.jpg
SF129495,False,kit_MvY303vrKR0.jpg
SF616792,True,ths_gBqNmxSxnAM.jpg
SF616792,False,bath_lWqmnx1DUSk.jpg
SF616792,False,kit_OwDrI8qIYLM.jpg
SF867543,True,sfh_x_OkWauCnmE.jpg
SF867543,False,bath_lhIOmjqf728.jpg
SF867543,False,kit_Q2agE_ykjI0.jpg
SF508883,True,condo_YLEgdrSQP4U.jpg
SF508883,False,bath_lq8FnmruSjo.jpg
SF508883,False,kit_U1S7fDPMpf8.jpg
SF394343,True,condo_YY139ZX_Zas.jpg
SF394343,False,bath_m78oBvRHBm0.jpg
SF394343,False,kit_UIK8XJ6s54I.jpg
SF184822,True,condo__5AGnG4Mh5E.jpg
SF184822,False,bath_mCWgrZS9p8g.jpg
SF184822,False,kit_UPbYh3A5cdg.jpg
SF487587,True,sfh_yUPWFd4fH-w.jpg
SF487587,False,bath_n885FXAq1Bo.jpg
SF487587,False,kit_UTsUqb_jPKc.jpg
SF490818,True,sfh_ykNBgspgK8U.jpg
SF490818,False,bath_nDERc229LpE.jpg
SF490818,False,kit_UjfhPIONgik.jpg
SF997750,True,condo_aPD1yNUYP0w.jpg
SF997750,False,bath_odhBaZK4eA0.jpg
SF997750,False,kit_Uw4Z5jU_G-E.jpg
SF182135,True,mfh_Z01OE9qwLH4.jpg
SF182135,False,bath_p9A8tpM93Hk.jpg
SF182135,False,kit_VYI9oIKl1wE.jpg
SF922202,True,sfh_z_t3F1mFsxI.jpg
SF922202,False,bath_rodWEAfiJaY.jpg
SF922202,False,kit_Vcsizp5I0kk.jpg
SF566531,True,condo_b0DHABrkRcM.jpg
SF566531,False,bath_tTWCj9QyyVE.jpg
SF566531,False,kit_VgyN_CWXQVM.jpg
SF289110,True,mfh_ZsKR2QGF8GI.jpg
SF289110,False,bath_thpj-Xk0Qjo.jpg
SF289110,False,kit_Wch5uxE6ncM.jpg
SF437120,True,sfh_-1zTWWTqEtA.jpg
SF437120,False,bath_tvtmoa6_rJE.jpg
SF437120,False,kit_XHZKjlnIJOs.jpg
SF392703,True,sfh_-Vu2dBIVaSk.jpg
SF392703,False,bath_uqWsLAr2dwE.jpg
SF392703,False,kit_Z8BtCOoJgjo.jpg
SF275681,True,sfh_0PPtQ8nWYHQ.jpg
SF275681,False,bath_uuHm2UOHRvk.jpg
SF275681,False,kit_Z8GlHfdn118.jpg
SF537712,True,ths_hZE6VQVbMco.jpg
SF537712,False,bath_vF56dydV4FA.jpg
SF537712,False,kit_ZtQBm7Q1XWg.jpg
SF744678,True,condo_ciHrgv7HKZE.jpg
SF744678,False,bath_vFU5eLArJmM.jpg
SF744678,False,kit_ZuREP4hSY1c.jpg
SF869398,True,ths_ixIsSy3zAyQ.jpg
SF869398,False,bath_vYUkbsJ-Aq4.jpg
SF869398,False,kit__AK42TQRyCw.jpg
SF329940,True,condo_cnXTU42C0sg.jpg
SF329940,False,bath_vkIgPbAIcoE.jpg
SF329940,False,kit__ddbqyJmdwA.jpg
SF393569,True,condo_dAjb01pCoZ4.jpg
SF393569,False,bath_w8FEsHwwL10.jpg
SF393569,False,kit_ac7PbDFlx7M.jpg
SF271524,True,ths_kx-gbP7lMak.jpg
SF271524,False,bath_wCY8cjzVUAM.jpg
SF271524,False,kit_b5QHeP4kamc.jpg
SF341165,True,ths_ltDGY4GnnHE.jpg
SF341165,False,bath_yKqF8nuKPH8.jpg
SF341165,False,kit_bJOluIUkFzQ.jpg
SF760040,True,mfh_b3dJBagWlCI.jpg
SF760040,False,bath_yb9b2wbhxG4.jpg
SF760040,False,kit_cReV-cbE2L4.jpg
SF300401,True,ths_nrSzRUWqmoI.jpg
SF300401,False,bath_yzuwRu_X6Dg.jpg
SF300401,False,kit_cfNXvIrsbhM.jpg
SF713097,True,condo_eeoQBGB-pYg.jpg
SF713097,False,bath_zBX1enOFfig.jpg
SF713097,False,kit_d4ULeg3YXZM.jpg
SF230598,True,sfh_1N2rpX7NhNw.jpg
SF230598,False,bath_zYIUp9jf6nI.jpg
SF230598,False,kit_e4HlK1TPG9A.jpg
SF732746,True,mfh_bTD6SgQlhKE.jpg
SF732746,False,bath_zp4pRAzc9Rs.jpg
SF732746,False,kit_eEkAqh5L4h0.jpg
SF187210,True,sfh_2f1-T2EERtM.jpg
SF187210,False,bath_zynOgAH8tAg.jpg
SF187210,False,kit_e_J73qui2bo.jpg
SF343345,True,sfh_2gPBKYGsMwc.jpg
SF343345,False,bath_04R9dPTBYhw.jpg
SF343345,False,kit_ghHkI5gS6os.jpg
SF667748,True,condo_f9O-1eKGlQM.jpg
SF667748,False,bath_1ABOGxHWrT8.jpg
SF667748,False,kit_hEqrwusR3Yo.jpg
SF596116,True,ths_nzrfse4_WJw.jpg
SF596116,False,bath_20HYgfVmSbA.jpg
SF596116,False,kit_hNKl4PQNVNo.jpg
SF169732,True,sfh_3AAyCMU5Ufg.jpg
SF169732,False,bath_2X9H1lD_k2Q.jpg
SF169732,False,kit_hmz7nC5mEu4.jpg
SF940494,True,sfh_45oV-f_1TiE.jpg
SF940494,False,bath_2cCeopgMcwc.jpg
SF940494,False,kit_iMZRBxo3hCs.jpg
SF924163,True,sfh_7GkH_rn6LJw.jpg
SF924163,False,bath_3uvhNMx_mOI.jpg
SF924163,False,kit_iUjIiP0sMTs.jpg
SF532941,True,condo_fAbPOvMJgPA.jpg
SF532941,False,bath_4bEhgiqWjek.jpg
SF532941,False,kit_j6QSUeiW6vo.jpg
SF145767,True,condo_iUjIiP0sMTs.jpg
SF145767,False,bath_59YYIR-20xs.jpg
SF145767,False,kit_kDm04owPPEY.jpg
SF660035,True,condo_kx-gbP7lMak.jpg
SF660035,False,bath_6BJu73-UJpg.jpg
SF660035,False,kit_kF3KNcoXQXY.jpg
SF669060,True,mfh_dXgnN_-IQpQ.jpg
SF669060,False,bath_6YEMkA-2ji8.jpg
SF669060,False,kit_lGEdX8UjA9k.jpg
SF517709,True,condo_l6u4GIKvxBs.jpg
SF517709,False,bath_7J2caL8Vy24.jpg
SF517709,False,kit_lR7Zi4bEw1o.jpg
SF780515,True,condo_lLDh9JppH2c.jpg
SF780515,False,bath_7Z2OTozIY_0.jpg
SF780515,False,kit_mDc0WtyqMrk.jpg
SF347620,True,condo_mw_mj-noYHM.jpg
SF347620,False,bath_8RXUZg5h_QA.jpg
SF347620,False,kit_mgykRhBYM30.jpg
SF647202,True,mfh_e1HPBHjADWo.jpg
SF647202,False,bath_8WG4EXvdM4M.jpg
SF647202,False,kit_n8PYmwR6hf4.jpg
SF586883,True,condo_n9CzpBTNElo.jpg
SF586883,False,bath_8qsu9Ctnsk4.jpg
SF586883,False,kit_o-uPDNNSsDA.jpg
SF198151,True,sfh_7N0bW0a3ivM.jpg
SF198151,False,bath_Aac7IlKnYX8.jpg
SF198151,False,kit_otjzoLhzB4o.jpg
SF984288,True,ths_oxwz3CVMbmk.jpg
SF984288,False,bath_C8a-9NQOY24.jpg
SF984288,False,kit_sTy-Qs0dZsA.jpg
SF226848,True,condo_oMB1rr7j-H8.jpg
SF226848,False,bath_CeQpzwT63pU.jpg
SF226848,False,kit_szG9kzMLcPE.jpg
SF494908,True,condo_rYBjSLwrfdU.jpg
SF494908,False,bath_D8ghwGaYQpw.jpg
SF494908,False,kit_tqksyXLp2mI.jpg
SF417566,True,condo_szG9kzMLcPE.jpg
SF417566,False,bath_Dk_o7KQyGkI.jpg
SF417566,False,kit_uGak0qtrphM.jpg
SF958722,True,mfh_gVkPA44TYXA.jpg
SF958722,False,bath_FiKcg6EMneY.jpg
SF958722,False,kit_wN9xVhSXi_w.jpg
SF142434,True,condo_tHkJAMcO3QE.jpg
SF142434,False,bath_Fuguvv3goCA.jpg
SF142434,False,kit_wWEQUGmbBrE.jpg
SF736272,True,condo_u-RIsXlI8Q8.jpg
SF736272,False,bath_G459ni0RpiM.jpg
SF736272,False,kit_waqb5i0NrX8.jpg
SF592605,True,condo_vz9IbCAXHKQ.jpg
SF592605,False,bath_HWUfaQt6aLU.jpg
SF592605,False,kit_wnAuOZeYrzI.jpg
SF606704,True,condo_w1w7sQ8md0I.jpg
SF606704,False,bath_Ies-rhvusTs.jpg
SF606704,False,kit_wpa4PI1DT_A.jpg
SF709689,True,ths_p_9p0byGlpE.jpg
SF709689,False,bath_If8wxqKqkQg.jpg
SF709689,False,kit_x1cPojx3CNs.jpg
SF573994,True,condo_wFc7CtVNAIE.jpg
SF573994,False,bath_J4CrMTu2YBc.jpg
SF573994,False,kit_x64WAw1TIcQ.jpg
SF592733,True,condo_y8e2n6eCXmo.jpg
SF592733,False,bath_JLS-hsxIlYg.jpg
SF592733,False,kit_xYdS2lqto7I.jpg
SF867701,True,condo_yFsop3bwYoA.jpg
SF867701,False,bath_M6a_MWnHJd4.jpg
SF867701,False,kit_ynVu56fpbN8.jpg
SF175920,True,sfh_8BB3FxxabME.jpg
SF175920,False,bath_MkOMgDhLpqU.jpg
SF175920,False,kit_-Vfa35ueUCo.jpg
SF114859,True,condo_yzkTCP4uc9E.jpg
SF114859,False,bath_N03PjHWOEFA.jpg
SF114859,False,kit_1by_GbwEMwc.jpg
SF885549,True,mfh_gudwptPNU2k.jpg
SF885549,False,bath_N9P3lkJvTIg.jpg
SF885549,False,kit_2G1peeUqNjE.jpg
SF371268,True,sfh_FIdMfOHoqUM.jpg
SF371268,False,bath_NBoqOuPgc0A.jpg
SF371268,False,kit_2M3QePaxX6E.jpg
SF417019,True,condo_-Vfa35ueUCo.jpg
SF417019,False,bath_O-8VMFGgG_A.jpg
SF417019,False,kit_2ocL2PmZ-vA.jpg
SF664985,True,condo_0tVimluL_ls.jpg
SF664985,False,bath_ODU4mXpF-5I.jpg
SF664985,False,kit_3JdubjN5xTI.jpg
SF534630,True,condo_1vMz2_MclrM.jpg
SF534630,False,bath_Ok8MRXNyEug.jpg
SF534630,False,kit_3gMTVySU4rs.jpg
SF475227,True,condo_21xbUDIN8ao.jpg
SF475227,False,bath_Ou6pG_CEuZk.jpg
SF475227,False,kit_3wj-jsav7iQ.jpg
SF134771,True,condo_3-GXEUE_sCc.jpg
SF134771,False,bath_PibraWHb4h8.jpg
SF134771,False,kit_46xPT-w3m-k.jpg
SF554697,True,condo_3CJAeBNi2YM.jpg
SF554697,False,bath_PoXaUHUa-Tg.jpg
SF554697,False,kit_4eLBXFahryk.jpg
SF578746,True,condo_4YGsYQf7DNQ.jpg
SF578746,False,bath_Q6-CbUd2n3k.jpg
SF578746,False,kit_587FXBjdako.jpg
SF796796,True,sfh_FJgGzzDZh3o.jpg
SF796796,False,bath_Q_e30nHPfMU.jpg
SF796796,False,kit_5a0JBpFl22U.jpg
SF784182,True,condo_4xRP0Ajk9ys.jpg
SF784182,False,bath_RMnc22CwVVA.jpg
SF784182,False,kit_9j9b2L0qAYU.jpg
SF163945,True,sfh_FOEH75tqmSw.jpg
SF163945,False,bath_Rk3fgPWl-J4.jpg
SF163945,False,kit_9vFTBI69Udo.jpg
SF756532,True,condo_5O-KFVmKSjY.jpg
SF756532,False,bath_THFG10Ar8Ug.jpg
SF756532,False,kit_BdZPID68yjM.jpg
SF484988,True,condo_6I1TlhDhfX8.jpg
SF484988,False,bath_VCUbsNJdZpQ.jpg
SF484988,False,kit_BmqCwvRKAks.jpg
SF182002,True,sfh_FUTjPQXCL-M.jpg
SF182002,False,bath_Wj5niePWnvQ.jpg
SF182002,False,kit_BxiOoyzu6-w.jpg
SF371569,True,ths_phPoR3YzxLM.jpg
SF371569,False,bath_YCW4BEhKluw.jpg
SF371569,False,kit_CwnPmtA2NHc.jpg
SF776975,True,sfh_FbKESavW4gE.jpg
SF776975,False,bath_Z-vTboPNGSo.jpg
SF776975,False,kit_DJV40FsmPSg.jpg
SF838447,True,sfh_Fcanz8wm-1U.jpg
SF838447,False,bath_ZDB00w2d5hY.jpg
SF838447,False,kit_EKUtjWUtPC0.jpg
SF940536,True,mfh_ivD2QRl8KfQ.jpg
SF940536,False,bath_ZGUtbYmOGZE.jpg
SF940536,False,kit_ERSaP9l-Mtw.jpg
SF115849,True,sfh_FjHIWqNqpVs.jpg
SF115849,False,bath_ZIu4he3R2yQ.jpg
SF115849,False,kit_FYnqaaBOI8k.jpg
SF236663,True,condo_6cFOz5A9ZoQ.jpg
SF236663,False,bath_ZJghebNZhDk.jpg
SF236663,False,kit_G7sE2S4Lab4.jpg
SF487115,True,ths_t294_ZZP2pg.jpg
SF487115,False,bath_ZZT1NLPKjZE.jpg
SF487115,False,kit_GTWWwsjPFUs.jpg
SF497487,True,sfh_G3-35-ET-HA.jpg
SF497487,False,bath__zrnJ3_bzlo.jpg
SF497487,False,kit_I58Xjx0zzBQ.jpg
SF455189,True,ths_tHOYEWuIsjQ.jpg
SF455189,False,bath_a5t48en12Ek.jpg
SF455189,False,kit_IIy2d0-0Ueg.jpg
SF806235,True,sfh_HadloobmnQs.jpg
SF806235,False,bath_b8bBTyWj6gM.jpg
SF806235,False,kit_IxBCafdQItg.jpg
SF633563,True,condo_7Kk8ONcAXqk.jpg
SF633563,False,bath_c56aJqJN_qs.jpg
SF633563,False,kit_J77Yzq9_Hcg.jpg
SF443094,True,condo_8L3sarFsV8E.jpg
SF443094,False,bath_d0WU6KSp918.jpg
SF443094,False,kit_JG5cNEhSwvg.jpg
SF299108,True,ths_tRPE-RRfoJY.jpg
SF299108,False,bath_d5yfKfMSk9o.jpg
SF299108,False,kit_JyeUdbb9TOg.jpg
SF491192,True,condo_9b7wGJQaScw.jpg
SF491192,False,bath_d77dHDIhOB4.jpg
SF491192,False,kit_K5JI_wRQqY0.jpg
SF226116,True,condo_Ava8oCm00B8.jpg
SF226116,False,bath_dB_usTnVQJE.jpg
SF226116,False,kit_LC-6Dnwo6_g.jpg
SF560807,True,ths_uYYdOo7Ra9w.jpg
SF560807,False,bath_dd9nbHGCJck.jpg
SF560807,False,kit_Mr2sz24thbE.jpg
SF837034,True,mfh_lx-FLZx3iQk.jpg
SF837034,False,bath_eXy5-E9Y5uE.jpg
SF837034,False,kit_MvY303vrKR0.jpg
SF668145,True,condo_CQFZX-In0KI.jpg
SF668145,False,bath_en9pOa2YAKI.jpg
SF668145,False,kit_OwDrI8qIYLM.jpg
SF120939,True,condo_Dua0qvBmBtY.jpg
SF120939,False,bath_eoW38D7kq_Q.jpg
SF120939,False,kit_Q2agE_ykjI0.jpg
SF675638,True,sfh_I-rF9EqWEEM.jpg
SF675638,False,bath_f8rXXuctnSw.jpg
SF675638,False,kit_U1S7fDPMpf8.jpg
SF386675,True,condo_ErDrzSvSNv4.jpg
SF386675,False,bath_fAr1AZUoYLI.jpg
SF386675,False,kit_UIK8XJ6s54I.jpg
SF965503,True,sfh_J4M-9YrqJ40.jpg
SF965503,False,bath_favDy5HiKCQ.jpg
SF965503,False,kit_UPbYh3A5cdg.jpg
SF313868,True,sfh_K-i0Oy5Mb_o.jpg
SF313868,False,bath_ftjqFgBR7oI.jpg
SF313868,False,kit_UTsUqb_jPKc.jpg
SF984325,True,mfh_mD5xhIwVFkY.jpg
SF984325,False,bath_hTyek4FccJM.jpg
SF984325,False,kit_UjfhPIONgik.jpg
SF419498,True,condo_HmHArS-HvNw.jpg
SF419498,False,bath_iXpuwXVuz8E.jpg
SF419498,False,kit_Uw4Z5jU_G-E.jpg
SF154855,True,condo_ImHGMkJ_Mvg.jpg
SF154855,False,bath_iXtriAA5HWk.jpg
SF154855,False,kit_VYI9oIKl1wE.jpg
SF714742,True,mfh_p2NQ_V2pwZs.jpg
SF714742,False,bath_lWqmnx1DUSk.jpg
SF714742,False,kit_Vcsizp5I0kk.jpg
SF681837,True,sfh_LBo8KX84t7o.jpg
SF681837,False,bath_lhIOmjqf728.jpg
SF681837,False,kit_VgyN_CWXQVM.jpg
SF820568,True,sfh_LErk0lPlbG0.jpg
SF820568,False,bath_lq8FnmruSjo.jpg
SF820568,False,kit_Wch5uxE6ncM.jpg
SF542681,True,condo_JDBVXignFdA.jpg
SF542681,False,bath_m78oBvRHBm0.jpg
SF542681,False,kit_XHZKjlnIJOs.jpg
SF444801,True,condo_KYM5QsbRsxk.jpg
SF444801,False,bath_mCWgrZS9p8g.jpg
SF444801,False,kit_Z8BtCOoJgjo.jpg
SF587505,True,ths_xb10QP8rWks.jpg
SF587505,False,bath_n885FXAq1Bo.jpg
SF587505,False,kit_Z8GlHfdn118.jpg
SF556855,True,sfh_MgZRW4UT6t0.jpg
SF556855,False,bath_nDERc229LpE.jpg
SF556855,False,kit_ZtQBm7Q1XWg.jpg
SF573366,True,ths_zVCHXZ_64CM.jpg
SF573366,False,bath_odhBaZK4eA0.jpg
SF573366,False,kit_ZuREP4hSY1c.jpg
SF111270,True,condo_KjNvwujW58w.jpg
SF111270,False,bath_p9A8tpM93Hk.jpg
SF111270,False,kit__AK42TQRyCw.jpg
SF962606,True,condo_LFlbLb8vJls.jpg
SF962606,False,bath_rodWEAfiJaY.jpg
SF962606,False,kit__ddbqyJmdwA.jpg
SF340890,True,condo_LZ3IQuhGbQE.jpg
SF340890,False,bath_tTWCj9QyyVE.jpg
SF340890,False,kit_ac7PbDFlx7M.jpg
SF866686,True,condo_Ps3VqTGfWhU.jpg
SF866686,False,bath_thpj-Xk0Qjo.jpg
SF866686,False,kit_b5QHeP4kamc.jpg
SF216250,True,mfh_r4bt3xNyRSw.jpg
SF216250,False,bath_tvtmoa6_rJE.jpg
SF216250,False,kit_bJOluIUkFzQ.jpg
SF668534,True,sfh_NTxbt7mwgoE.jpg
SF668534,False,bath_uqWsLAr2dwE.jpg
SF668534,False,kit_cReV-cbE2L4.jpg
SF504616,True,mfh_rSZ_cp8_1Us.jpg
SF504616,False,bath_uuHm2UOHRvk.jpg
SF504616,False,kit_cfNXvIrsbhM.jpg
SF106712,True,condo_Qe8eMrwTW5g.jpg
SF106712,False,bath_vF56dydV4FA.jpg
SF106712,False,kit_d4ULeg3YXZM.jpg
SF987574,True,condo_QlA5N4Vnp3g.jpg
SF987574,False,bath_vFU5eLArJmM.jpg
SF987574,False,kit_e4HlK1TPG9A.jpg
SF676308,True,ths_zXfCrYNbGFE.jpg
SF676308,False,bath_vYUkbsJ-Aq4.jpg
SF676308,False,kit_eEkAqh5L4h0.jpg
SF604704,True,sfh_NgX_u6i2Sx0.jpg
SF604704,False,bath_vkIgPbAIcoE.jpg
SF604704,False,kit_e_J73qui2bo.jpg
SF576866,True,mfh_ugfgRNkJSJ0.jpg
SF576866,False,bath_w8FEsHwwL10.jpg
SF576866,False,kit_ghHkI5gS6os.jpg
SF228777,True,condo_R5N6_0giS68.jpg
SF228777,False,bath_wCY8cjzVUAM.jpg
SF228777,False,kit_hEqrwusR3Yo.jpg
SF971352,True,condo_SB3hlhAl2zc.jpg
SF971352,False,bath_yKqF8nuKPH8.jpg
SF971352,False,kit_hNKl4PQNVNo.jpg
SF945722,True,sfh_Nh81vA19t68.jpg
SF945722,False,bath_yb9b2wbhxG4.jpg
SF945722,False,kit_hmz7nC5mEu4.jpg
SF298842,True,sfh_NmVnsp13JYc.jpg
SF298842,False,bath_yzuwRu_X6Dg.jpg
SF298842,False,kit_iMZRBxo3hCs.jpg
SF499387,True,ths_zuJLTgQ53_Q.jpg
SF499387,False,bath_zBX1enOFfig.jpg
SF499387,False,kit_iUjIiP0sMTs.jpg
SF356167,True,mfh_ykNBgspgK8U.jpg
SF356167,False,bath_zYIUp9jf6nI.jpg
SF356167,False,kit_j6QSUeiW6vo.jpg
SF185936,True,ths_-VmDNbwUKMA.jpg
SF185936,False,bath_zp4pRAzc9Rs.jpg
SF185936,False,kit_kDm04owPPEY.jpg
SF259642,True,condo_UlIj_qKpgCw.jpg
SF259642,False,bath_zynOgAH8tAg.jpg
SF259642,False,kit_kF3KNcoXQXY.jpg
SF674604,True,sfh_O7Dpx2avGyw.jpg
SF674604,False,bath_04R9dPTBYhw.jpg
SF674604,False,kit_lGEdX8UjA9k.jpg
SF332327,True,condo_WDUtNbot6Qw.jpg
SF332327,False,bath_1ABOGxHWrT8.jpg
SF332327,False,kit_lR7Zi4bEw1o.jpg
SF805334,True,ths_0IFb_xFEdHY.jpg
SF805334,False,bath_20HYgfVmSbA.jpg
SF805334,False,kit_mDc0WtyqMrk.jpg
SF240282,True,sfh_SQ3iMGteT6s.jpg
SF240282,False,bath_2X9H1lD_k2Q.jpg
SF240282,False,kit_mgykRhBYM30.jpg
SF592142,True,condo_WIPVrs5meCA.jpg
SF592142,False,bath_2cCeopgMcwc.jpg
SF592142,False,kit_n8PYmwR6hf4.jpg
SF543936,True,sfh_Se9N2dUOvMY.jpg
SF543936,False,bath_3uvhNMx_mOI.jpg
SF543936,False,kit_o-uPDNNSsDA.jpg
SF534580,True,sfh_ShMXVbvoaOo.jpg
SF534580,False,bath_4bEhgiqWjek.jpg
SF534580,False,kit_otjzoLhzB4o.jpg
SF695501,True,sfh_TX6dBiMwBV0.jpg
SF695501,False,bath_59YYIR-20xs.jpg
SF695501,False,kit_sTy-Qs0dZsA.jpg
SF111721,True,mfh_-1zTWWTqEtA.jpg
SF111721,False,bath_6BJu73-UJpg.jpg
SF111721,False,kit_szG9kzMLcPE.jpg
SF650278,True,ths_0J7Fm1poa5k.jpg
SF650278,False,bath_6YEMkA-2ji8.jpg
SF650278,False,kit_tqksyXLp2mI.jpg
SF595369,True,condo_WgkA3CSFrjc.jpg
SF595369,False,bath_7J2caL8Vy24.jpg
SF595369,False,kit_uGak0qtrphM.jpg
SF754672,True,condo_Xp-w9H_tMOY.jpg
SF754672,False,bath_7Z2OTozIY_0.jpg
SF754672,False,kit_wN9xVhSXi_w.jpg
SF441417,True,ths_1RFsSKIgMIc.jpg
SF441417,False,bath_8RXUZg5h_QA.jpg
SF441417,False,kit_wWEQUGmbBrE.jpg
SF642393,True,ths_30ODO5baYZQ.jpg
SF642393,False,bath_8WG4EXvdM4M.jpg
SF642393,False,kit_waqb5i0NrX8.jpg
SF120583,True,sfh_W3pXpFeDxjo.jpg
SF120583,False,bath_8qsu9Ctnsk4.jpg
SF120583,False,kit_wnAuOZeYrzI.jpg
SF500888,True,sfh_WvkEiDEMshM.jpg
SF500888,False,bath_Aac7IlKnYX8.jpg
SF500888,False,kit_wpa4PI1DT_A.jpg
SF295859,True,condo_Xph_EJ-22vE.jpg
SF295859,False,bath_C8a-9NQOY24.jpg
SF295859,False,kit_x1cPojx3CNs.jpg
SF394799,True,sfh_XFQuzV6WXls.jpg
SF394799,False,bath_CeQpzwT63pU.jpg
SF394799,False,kit_x64WAw1TIcQ.jpg
SF356312,True,condo_YLEgdrSQP4U.jpg
SF356312,False,bath_D8ghwGaYQpw.jpg
SF356312,False,kit_xYdS2lqto7I.jpg
SF878163,True,sfh_YRjJsGRIUeM.jpg
SF878163,False,bath_Dk_o7KQyGkI.jpg
SF878163,False,kit_ynVu56fpbN8.jpg
SF553115,True,condo_YY139ZX_Zas.jpg
SF553115,False,bath_FiKcg6EMneY.jpg
SF553115,False,kit_-Vfa35ueUCo.jpg
SF861298,True,sfh_YlgnN7zVQts.jpg
SF861298,False,bath_Fuguvv3goCA.jpg
SF861298,False,kit_1by_GbwEMwc.jpg
SF162101,True,condo__5AGnG4Mh5E.jpg
SF162101,False,bath_G459ni0RpiM.jpg
SF162101,False,kit_2G1peeUqNjE.jpg
SF518195,True,condo_aPD1yNUYP0w.jpg
SF518195,False,bath_HWUfaQt6aLU.jpg
SF518195,False,kit_2M3QePaxX6E.jpg
SF584691,True,sfh_ZsKR2QGF8GI.jpg
SF584691,False,bath_Ies-rhvusTs.jpg
SF584691,False,kit_2ocL2PmZ-vA.jpg
SF956627,True,condo_b0DHABrkRcM.jpg
SF956627,False,bath_If8wxqKqkQg.jpg
SF956627,False,kit_3JdubjN5xTI.jpg
SF741824,True,condo_ciHrgv7HKZE.jpg
SF741824,False,bath_J4CrMTu2YBc.jpg
SF741824,False,kit_3gMTVySU4rs.jpg
SF429948,True,sfh__dcBEkOkyQE.jpg
SF429948,False,bath_JLS-hsxIlYg.jpg
SF429948,False,kit_3wj-jsav7iQ.jpg
SF270122,True,sfh_bKAVCSjN0nU.jpg
SF270122,False,bath_M6a_MWnHJd4.jpg
SF270122,False,kit_46xPT-w3m-k.jpg
SF349403,True,condo_cnXTU42C0sg.jpg
SF349403,False,bath_MkOMgDhLpqU.jpg
SF349403,False,kit_4eLBXFahryk.jpg
SF750313,True,sfh_bN-7tqSMr88.jpg
SF750313,False,bath_N03PjHWOEFA.jpg
SF750313,False,kit_587FXBjdako.jpg
SF114891,True,condo_dAjb01pCoZ4.jpg
SF114891,False,bath_N9P3lkJvTIg.jpg
SF114891,False,kit_5a0JBpFl22U.jpg
SF869661,True,sfh_bTD6SgQlhKE.jpg
SF869661,False,bath_NBoqOuPgc0A.jpg
SF869661,False,kit_9j9b2L0qAYU.jpg
SF308882,True,condo_eeoQBGB-pYg.jpg
SF308882,False,bath_O-8VMFGgG_A.jpg
SF308882,False,kit_9vFTBI69Udo.jpg
SF976213,True,condo_f9O-1eKGlQM.jpg
SF976213,False,bath_ODU4mXpF-5I.jpg
SF976213,False,kit_BdZPID68yjM.jpg
SF139539,True,condo_fAbPOvMJgPA.jpg
SF139539,False,bath_Ok8MRXNyEug.jpg
SF139539,False,kit_BmqCwvRKAks.jpg
SF280592,True,condo_iUjIiP0sMTs.jpg
SF280592,False,bath_Ou6pG_CEuZk.jpg
SF280592,False,kit_BxiOoyzu6-w.jpg
SF736715,True,sfh_cbTb-qDQX80.jpg
SF736715,False,bath_PibraWHb4h8.jpg
SF736715,False,kit_CwnPmtA2NHc.jpg
SF112471,True,ths_5O-KFVmKSjY.jpg
SF112471,False,bath_PoXaUHUa-Tg.jpg
SF112471,False,kit_DJV40FsmPSg.jpg
SF747694,True,condo_kx-gbP7lMak.jpg
SF747694,False,bath_Q6-CbUd2n3k.jpg
SF747694,False,kit_EKUtjWUtPC0.jpg
SF294691,True,sfh_dAvFTeKneyk.jpg
SF294691,False,bath_Q_e30nHPfMU.jpg
SF294691,False,kit_ERSaP9l-Mtw.jpg
SF890817,True,sfh_dMpJ3bP8D9w.jpg
SF890817,False,bath_RMnc22CwVVA.jpg
SF890817,False,kit_FYnqaaBOI8k.jpg
SF531859,True,sfh_fn6x1TL290w.jpg
SF531859,False,bath_Rk3fgPWl-J4.jpg
SF531859,False,kit_G7sE2S4Lab4.jpg
SF118960,True,ths_5Z6XRKHc98g.jpg
SF118960,False,bath_THFG10Ar8Ug.jpg
SF118960,False,kit_GTWWwsjPFUs.jpg
SF844470,True,sfh_ivD2QRl8KfQ.jpg
SF844470,False,bath_VCUbsNJdZpQ.jpg
SF844470,False,kit_I58Xjx0zzBQ.jpg
SF233114,True,mfh_-eYW04Dmf8g.jpg
SF233114,False,bath_Wj5niePWnvQ.jpg
SF233114,False,kit_IIy2d0-0Ueg.jpg
SF291038,True,condo_l6u4GIKvxBs.jpg
SF291038,False,bath_YCW4BEhKluw.jpg
SF291038,False,kit_IxBCafdQItg.jpg
SF228646,True,sfh_j1lLBlbEMTo.jpg
SF228646,False,bath_Z-vTboPNGSo.jpg
SF228646,False,kit_J77Yzq9_Hcg.jpg
SF949767,True,sfh_jOGgTu1uuoA.jpg
SF949767,False,bath_ZDB00w2d5hY.jpg
SF949767,False,kit_JG5cNEhSwvg.jpg
SF451164,True,sfh_lx-FLZx3iQk.jpg
SF451164,False,bath_ZGUtbYmOGZE.jpg
SF451164,False,kit_JyeUdbb9TOg.jpg
SF411327,True,condo_lLDh9JppH2c.jpg
SF411327,False,bath_ZIu4he3R2yQ.jpg
SF411327,False,kit_K5JI_wRQqY0.jpg
SF873283,True,sfh_mD5xhIwVFkY.jpg
SF873283,False,bath_ZJghebNZhDk.jpg
SF873283,False,kit_LC-6Dnwo6_g.jpg
SF646214,True,ths_5udBKkXTUK8.jpg
SF646214,False,bath_ZZT1NLPKjZE.jpg
SF646214,False,kit_Mr2sz24thbE.jpg
SF259002,True,condo_mw_mj-noYHM.jpg
SF259002,False,bath__zrnJ3_bzlo.jpg
SF259002,False,kit_MvY303vrKR0.jpg
SF694841,True,sfh_nbf9DiDvLeU.jpg
SF694841,False,bath_a5t48en12Ek.jpg
SF694841,False,kit_OwDrI8qIYLM.jpg
SF645955,True,condo_n9CzpBTNElo.jpg
SF645955,False,bath_b8bBTyWj6gM.jpg
SF645955,False,kit_Q2agE_ykjI0.jpg
SF863101,True,condo_oMB1rr7j-H8.jpg
SF863101,False,bath_c56aJqJN_qs.jpg
SF863101,False,kit_U1S7fDPMpf8.jpg
SF334936,True,condo_rYBjSLwrfdU.jpg
SF334936,False,bath_d0WU6KSp918.jpg
SF334936,False,kit_UIK8XJ6s54I.jpg
SF796307,True,sfh_ns2Ai6cWTv0.jpg
SF796307,False,bath_d5yfKfMSk9o.jpg
SF796307,False,kit_UPbYh3A5cdg.jpg
SF852448,True,sfh_r4bt3xNyRSw.jpg
SF852448,False,bath_d77dHDIhOB4.jpg
SF852448,False,kit_UTsUqb_jPKc.jpg
SF344093,True,condo_szG9kzMLcPE.jpg
SF344093,False,bath_dB_usTnVQJE.jpg
SF344093,False,kit_UjfhPIONgik.jpg
SF170325,True,sfh_rSZ_cp8_1Us.jpg
SF170325,False,bath_dd9nbHGCJck.jpg
SF170325,False,kit_Uw4Z5jU_G-E.jpg
SF772407,True,sfh_t51u2xAuWaY.jpg
SF772407,False,bath_eXy5-E9Y5uE.jpg
SF772407,False,kit_VYI9oIKl1wE.jpg
SF965497,True,sfh_tyVuimFK7j0.jpg
SF965497,False,bath_en9pOa2YAKI.jpg
SF965497,False,kit_Vcsizp5I0kk.jpg
SF846857,True,condo_tHkJAMcO3QE.jpg
SF846857,False,bath_eoW38D7kq_Q.jpg
SF846857,False,kit_VgyN_CWXQVM.jpg
SF149184,True,mfh_1N2rpX7NhNw.jpg
SF149184,False,bath_f8rXXuctnSw.jpg
SF149184,False,kit_Wch5uxE6ncM.jpg
SF985545,True,sfh_u4gADAmfrKI.jpg
SF985545,False,bath_fAr1AZUoYLI.jpg
SF985545,False,kit_XHZKjlnIJOs.jpg
SF530846,True,condo_u-RIsXlI8Q8.jpg
SF530846,False,bath_favDy5HiKCQ.jpg
SF530846,False,kit_Z8BtCOoJgjo.jpg
SF211321,True,sfh_vzBm3YOs2po.jpg
SF211321,False,bath_ftjqFgBR7oI.jpg
SF211321,False,kit_Z8GlHfdn118.jpg
SF359125,True,sfh_x_OkWauCnmE.jpg
SF359125,False,bath_hTyek4FccJM.jpg
SF359125,False,kit_ZtQBm7Q1XWg.jpg
SF517187,True,condo_vz9IbCAXHKQ.jpg
SF517187,False,bath_iXpuwXVuz8E.jpg
SF517187,False,kit_ZuREP4hSY1c.jpg
SF445535,True,mfh_2f1-T2EERtM.jpg
SF445535,False,bath_iXtriAA5HWk.jpg
SF445535,False,kit__AK42TQRyCw.jpg
SF274084,True,condo_w1w7sQ8md0I.jpg
SF274084,False,bath_lWqmnx1DUSk.jpg
SF274084,False,kit__ddbqyJmdwA.jpg
SF237775,True,condo_wFc7CtVNAIE.jpg
SF237775,False,bath_lhIOmjqf728.jpg
SF237775,False,kit_ac7PbDFlx7M.jpg
SF614754,True,condo_y8e2n6eCXmo.jpg
SF614754,False,bath_lq8FnmruSjo.jpg
SF614754,False,kit_b5QHeP4kamc.jpg
SF823862,True,ths_6zrKk8H5qUU.jpg
SF823862,False,bath_m78oBvRHBm0.jpg
SF823862,False,kit_bJOluIUkFzQ.jpg
SF148751,True,sfh_yUPWFd4fH-w.jpg
SF148751,False,bath_mCWgrZS9p8g.jpg
SF148751,False,kit_cReV-cbE2L4.jpg
SF868834,True,sfh_ykNBgspgK8U.jpg
SF868834,False,bath_n885FXAq1Bo.jpg
SF868834,False,kit_cfNXvIrsbhM.jpg
SF412705,True,condo_yFsop3bwYoA.jpg
SF412705,False,bath_nDERc229LpE.jpg
SF412705,False,kit_d4ULeg3YXZM.jpg
SF386520,True,mfh_7GkH_rn6LJw.jpg
SF386520,False,bath_odhBaZK4eA0.jpg
SF386520,False,kit_e4HlK1TPG9A.jpg
SF267764,True,sfh_z_t3F1mFsxI.jpg
SF267764,False,bath_p9A8tpM93Hk.jpg
SF267764,False,kit_eEkAqh5L4h0.jpg
SF512498,True,condo_yzkTCP4uc9E.jpg
SF512498,False,bath_rodWEAfiJaY.jpg
SF512498,False,kit_e_J73qui2bo.jpg
SF597442,True,condo_-Vfa35ueUCo.jpg
SF597442,False,bath_tTWCj9QyyVE.jpg
SF597442,False,kit_ghHkI5gS6os.jpg
SF212499,True,ths_74S7ErO7Ghk.jpg
SF212499,False,bath_thpj-Xk0Qjo.jpg
SF212499,False,kit_hEqrwusR3Yo.jpg
SF461587,True,sfh_-1zTWWTqEtA.jpg
SF461587,False,bath_tvtmoa6_rJE.jpg
SF461587,False,kit_hNKl4PQNVNo.jpg
SF342039,True,condo_0tVimluL_ls.jpg
SF342039,False,bath_uqWsLAr2dwE.jpg
SF342039,False,kit_hmz7nC5mEu4.jpg
SF593482,True,condo_1vMz2_MclrM.jpg
SF593482,False,bath_uuHm2UOHRvk.jpg
SF593482,False,kit_iMZRBxo3hCs.jpg
SF422597,True,sfh_-Vu2dBIVaSk.jpg
SF422597,False,bath_vF56dydV4FA.jpg
SF422597,False,kit_iUjIiP0sMTs.jpg
SF218630,True,condo_21xbUDIN8ao.jpg
SF218630,False,bath_vFU5eLArJmM.jpg
SF218630,False,kit_j6QSUeiW6vo.jpg
SF570328,True,condo_3-GXEUE_sCc.jpg
SF570328,False,bath_vYUkbsJ-Aq4.jpg
SF570328,False,kit_kDm04owPPEY.jpg
SF168667,True,sfh_0PPtQ8nWYHQ.jpg
SF168667,False,bath_vkIgPbAIcoE.jpg
SF168667,False,kit_kF3KNcoXQXY.jpg
SF868152,True,ths_9IinInWVU4k.jpg
SF868152,False,bath_w8FEsHwwL10.jpg
SF868152,False,kit_lGEdX8UjA9k.jpg
SF649030,True,condo_3CJAeBNi2YM.jpg
SF649030,False,bath_wCY8cjzVUAM.jpg
SF649030,False,kit_lR7Zi4bEw1o.jpg
SF682802,True,condo_4YGsYQf7DNQ.jpg
SF682802,False,bath_yKqF8nuKPH8.jpg
SF682802,False,kit_mDc0WtyqMrk.jpg
SF454645,True,condo_4xRP0Ajk9ys.jpg
SF454645,False,bath_yb9b2wbhxG4.jpg
SF454645,False,kit_mgykRhBYM30.jpg
SF364202,True,ths_9ofVFD5grWI.jpg
SF364202,False,bath_yzuwRu_X6Dg.jpg
SF364202,False,kit_n8PYmwR6hf4.jpg
SF213757,True,condo_5O-KFVmKSjY.jpg
SF213757,False,bath_zBX1enOFfig.jpg
SF213757,False,kit_o-uPDNNSsDA.jpg
SF979037,True,mfh_8T1LOzMR7EU.jpg
SF979037,False,bath_zYIUp9jf6nI.jpg
SF979037,False,kit_otjzoLhzB4o.jpg
SF597107,True,sfh_1N2rpX7NhNw.jpg
SF597107,False,bath_zp4pRAzc9Rs.jpg
SF597107,False,kit_sTy-Qs0dZsA.jpg
SF579441,True,condo_6I1TlhDhfX8.jpg
SF579441,False,bath_zynOgAH8tAg.jpg
SF579441,False,kit_szG9kzMLcPE.jpg
SF925008,True,condo_6cFOz5A9ZoQ.jpg
SF925008,False,bath_04R9dPTBYhw.jpg
SF925008,False,kit_tqksyXLp2mI.jpg
SF602869,True,condo_7Kk8ONcAXqk.jpg
SF602869,False,bath_1ABOGxHWrT8.jpg
SF602869,False,kit_uGak0qtrphM.jpg
SF664326,True,sfh_2f1-T2EERtM.jpg
SF664326,False,bath_20HYgfVmSbA.jpg
SF664326,False,kit_wN9xVhSXi_w.jpg
SF732987,True,sfh_2gPBKYGsMwc.jpg
SF732987,False,bath_2X9H1lD_k2Q.jpg
SF732987,False,kit_wWEQUGmbBrE.jpg
SF321352,True,mfh_9ADXGjkn91Q.jpg
SF321352,False,bath_2cCeopgMcwc.jpg
SF321352,False,kit_waqb5i0NrX8.jpg
SF328356,True,sfh_3AAyCMU5Ufg.jpg
SF328356,False,bath_3uvhNMx_mOI.jpg
SF328356,False,kit_wnAuOZeYrzI.jpg
SF782108,True,condo_8L3sarFsV8E.jpg
SF782108,False,bath_4bEhgiqWjek.jpg
SF782108,False,kit_wpa4PI1DT_A.jpg
SF742725,True,condo_9b7wGJQaScw.jpg
SF742725,False,bath_59YYIR-20xs.jpg
SF742725,False,kit_x1cPojx3CNs.jpg
SF120246,True,condo_Ava8oCm00B8.jpg
SF120246,False,bath_6BJu73-UJpg.jpg
SF120246,False,kit_x64WAw1TIcQ.jpg
SF617594,True,ths_E1NWTbYYofk.jpg
SF617594,False,bath_6YEMkA-2ji8.jpg
SF617594,False,kit_xYdS2lqto7I.jpg
SF765595,True,condo_CQFZX-In0KI.jpg
SF765595,False,bath_7J2caL8Vy24.jpg
SF765595,False,kit_ynVu56fpbN8.jpg
SF756048,True,sfh_45oV-f_1TiE.jpg
SF756048,False,bath_7Z2OTozIY_0.jpg
SF756048,False,kit_-Vfa35ueUCo.jpg
SF946428,True,sfh_7GkH_rn6LJw.jpg
SF946428,False,bath_8RXUZg5h_QA.jpg
SF946428,False,kit_1by_GbwEMwc.jpg
SF517607,True,sfh_7N0bW0a3ivM.jpg
SF517607,False,bath_8WG4EXvdM4M.jpg
SF517607,False,kit_2G1peeUqNjE.jpg
SF784032,True,sfh_8BB3FxxabME.jpg
SF784032,False,bath_8qsu9Ctnsk4.jpg
SF784032,False,kit_2M3QePaxX6E.jpg
SF385994,True,condo_Dua0qvBmBtY.jpg
SF385994,False,bath_Aac7IlKnYX8.jpg
SF385994,False,kit_2ocL2PmZ-vA.jpg
SF359689,True,sfh_FIdMfOHoqUM.jpg
SF359689,False,bath_C8a-9NQOY24.jpg
SF359689,False,kit_3JdubjN5xTI.jpg
SF576105,True,sfh_FJgGzzDZh3o.jpg
SF576105,False,bath_CeQpzwT63pU.jpg
SF576105,False,kit_3gMTVySU4rs.jpg
SF518453,True,sfh_FOEH75tqmSw.jpg
SF518453,False,bath_D8ghwGaYQpw.jpg
SF518453,False,kit_3wj-jsav7iQ.jpg
SF996447,True,sfh_FUTjPQXCL-M.jpg
SF996447,False,bath_Dk_o7KQyGkI.jpg
SF996447,False,kit_46xPT-w3m-k.jpg
SF928702,True,ths_EKYawwTpUSQ.jpg
SF928702,False,bath_FiKcg6EMneY.jpg
SF928702,False,kit_4eLBXFahryk.jpg
SF544164,True,sfh_FbKESavW4gE.jpg
SF544164,False,bath_Fuguvv3goCA.jpg
SF544164,False,kit_587FXBjdako.jpg
SF914291,True,condo_ErDrzSvSNv4.jpg
SF914291,False,bath_G459ni0RpiM.jpg
SF914291,False,kit_5a0JBpFl22U.jpg
SF917549,True,condo_HmHArS-HvNw.jpg
SF917549,False,bath_HWUfaQt6aLU.jpg
SF917549,False,kit_9j9b2L0qAYU.jpg
SF813555,True,condo_ImHGMkJ_Mvg.jpg
SF813555,False,bath_Ies-rhvusTs.jpg
SF813555,False,kit_9vFTBI69Udo.jpg
SF519209,True,sfh_Fcanz8wm-1U.jpg
SF519209,False,bath_If8wxqKqkQg.jpg
SF519209,False,kit_BdZPID68yjM.jpg
SF358905,True,condo_JDBVXignFdA.jpg
SF358905,False,bath_J4CrMTu2YBc.jpg
SF358905,False,kit_BmqCwvRKAks.jpg
SF190266,True,condo_KYM5QsbRsxk.jpg
SF190266,False,bath_JLS-hsxIlYg.jpg
SF190266,False,kit_BxiOoyzu6-w.jpg
SF256580,True,ths_EmnBWeMp_aQ.jpg
SF256580,False,bath_M6a_MWnHJd4.jpg
SF256580,False,kit_CwnPmtA2NHc.jpg
SF453909,True,condo_KjNvwujW58w.jpg
SF453909,False,bath_MkOMgDhLpqU.jpg
SF453909,False,kit_DJV40FsmPSg.jpg
SF276001,True,condo_LFlbLb8vJls.jpg
SF276001,False,bath_N03PjHWOEFA.jpg
SF276001,False,kit_EKUtjWUtPC0.jpg
SF504288,True,condo_LZ3IQuhGbQE.jpg
SF504288,False,bath_N9P3lkJvTIg.jpg
SF504288,False,kit_ERSaP9l-Mtw.jpg
SF201288,True,condo_Ps3VqTGfWhU.jpg
SF201288,False,bath_NBoqOuPgc0A.jpg
SF201288,False,kit_FYnqaaBOI8k.jpg
SF868983,True,condo_Qe8eMrwTW5g.jpg
SF868983,False,bath_O-8VMFGgG_A.jpg
SF868983,False,kit_G7sE2S4Lab4.jpg
SF782720,True,sfh_FjHIWqNqpVs.jpg
SF782720,False,bath_ODU4mXpF-5I.jpg
SF782720,False,kit_GTWWwsjPFUs.jpg
SF745254,True,condo_QlA5N4Vnp3g.jpg
SF745254,False,bath_Ok8MRXNyEug.jpg
SF745254,False,kit_I58Xjx0zzBQ.jpg
SF238171,True,condo_R5N6_0giS68.jpg
SF238171,False,bath_Ou6pG_CEuZk.jpg
SF238171,False,kit_IIy2d0-0Ueg.jpg
SF208540,True,condo_SB3hlhAl2zc.jpg
SF208540,False,bath_PibraWHb4h8.jpg
SF208540,False,kit_IxBCafdQItg.jpg
SF448239,True,condo_UlIj_qKpgCw.jpg
SF448239,False,bath_PoXaUHUa-Tg.jpg
SF448239,False,kit_J77Yzq9_Hcg.jpg
SF448377,True,condo_WDUtNbot6Qw.jpg
SF448377,False,bath_Q6-CbUd2n3k.jpg
SF448377,False,kit_JG5cNEhSwvg.jpg
SF703570,True,sfh_G3-35-ET-HA.jpg
SF703570,False,bath_Q_e30nHPfMU.jpg
SF703570,False,kit_JyeUdbb9TOg.jpg
SF859527,True,condo_WIPVrs5meCA.jpg
SF859527,False,bath_RMnc22CwVVA.jpg
SF859527,False,kit_K5JI_wRQqY0.jpg
SF256113,True,ths_FOSg2A5NdQ8.jpg
SF256113,False,bath_Rk3fgPWl-J4.jpg
SF256113,False,kit_LC-6Dnwo6_g.jpg
SF625716,True,sfh_HadloobmnQs.jpg
SF625716,False,bath_THFG10Ar8Ug.jpg
SF625716,False,kit_Mr2sz24thbE.jpg
SF478510,True,sfh_I-rF9EqWEEM.jpg
SF478510,False,bath_VCUbsNJdZpQ.jpg
SF478510,False,kit_MvY303vrKR0.jpg
SF444081,True,condo_WgkA3CSFrjc.jpg
SF444081,False,bath_Wj5niePWnvQ.jpg
SF444081,False,kit_OwDrI8qIYLM.jpg
SF980764,True,sfh_J4M-9YrqJ40.jpg
SF980764,False,bath_YCW4BEhKluw.jpg
SF980764,False,kit_Q2agE_ykjI0.jpg
SF652989,True,condo_Xp-w9H_tMOY.jpg
SF652989,False,bath_Z-vTboPNGSo.jpg
SF652989,False,kit_U1S7fDPMpf8.jpg
SF271163,True,condo_Xph_EJ-22vE.jpg
SF271163,False,bath_ZDB00w2d5hY.jpg
SF271163,False,kit_UIK8XJ6s54I.jpg
SF919326,True,ths_H1SEUz5oxjo.jpg
SF919326,False,bath_ZGUtbYmOGZE.jpg
SF919326,False,kit_UPbYh3A5cdg.jpg
SF801490,True,condo_YLEgdrSQP4U.jpg
SF801490,False,bath_ZIu4he3R2yQ.jpg
SF801490,False,kit_UTsUqb_jPKc.jpg
SF739311,True,sfh_K-i0Oy5Mb_o.jpg
SF739311,False,bath_ZJghebNZhDk.jpg
SF739311,False,kit_UjfhPIONgik.jpg
SF737932,True,sfh_LBo8KX84t7o.jpg
SF737932,False,bath_ZZT1NLPKjZE.jpg
SF737932,False,kit_Uw4Z5jU_G-E.jpg
SF384696,True,condo_YY139ZX_Zas.jpg
SF384696,False,bath__zrnJ3_bzlo.jpg
SF384696,False,kit_VYI9oIKl1wE.jpg
SF878732,True,sfh_LErk0lPlbG0.jpg
SF878732,False,bath_a5t48en12Ek.jpg
SF878732,False,kit_Vcsizp5I0kk.jpg
SF125349,True,ths_Hs_NoDtXysE.jpg
SF125349,False,bath_b8bBTyWj6gM.jpg
SF125349,False,kit_VgyN_CWXQVM.jpg
SF682604,True,sfh_MgZRW4UT6t0.jpg
SF682604,False,bath_c56aJqJN_qs.jpg
SF682604,False,kit_Wch5uxE6ncM.jpg
SF997930,True,ths_IOWG5lg7BWc.jpg
SF997930,False,bath_d0WU6KSp918.jpg
SF997930,False,kit_XHZKjlnIJOs.jpg
SF489554,True,condo__5AGnG4Mh5E.jpg
SF489554,False,bath_d5yfKfMSk9o.jpg
SF489554,False,kit_Z8BtCOoJgjo.jpg
SF832064,True,sfh_NTxbt7mwgoE.jpg
SF832064,False,bath_d77dHDIhOB4.jpg
SF832064,False,kit_Z8GlHfdn118.jpg
SF505122,True,sfh_NgX_u6i2Sx0.jpg
SF505122,False,bath_dB_usTnVQJE.jpg
SF505122,False,kit_ZtQBm7Q1XWg.jpg
SF124349,True,sfh_Nh81vA19t68.jpg
SF124349,False,bath_dd9nbHGCJck.jpg
SF124349,False,kit_ZuREP4hSY1c.jpg
SF781222,True,condo_aPD1yNUYP0w.jpg
SF781222,False,bath_eXy5-E9Y5uE.jpg
SF781222,False,kit__AK42TQRyCw.jpg
SF654415,True,condo_b0DHABrkRcM.jpg
SF654415,False,bath_en9pOa2YAKI.jpg
SF654415,False,kit__ddbqyJmdwA.jpg
SF744804,True,condo_ciHrgv7HKZE.jpg
SF744804,False,bath_eoW38D7kq_Q.jpg
SF744804,False,kit_ac7PbDFlx7M.jpg
SF219048,True,condo_cnXTU42C0sg.jpg
SF219048,False,bath_f8rXXuctnSw.jpg
SF219048,False,kit_b5QHeP4kamc.jpg
SF517311,True,condo_dAjb01pCoZ4.jpg
SF517311,False,bath_fAr1AZUoYLI.jpg
SF517311,False,kit_bJOluIUkFzQ.jpg
SF773444,True,condo_eeoQBGB-pYg.jpg
SF773444,False,bath_favDy5HiKCQ.jpg
SF773444,False,kit_cReV-cbE2L4.jpg
SF275974,True,condo_f9O-1eKGlQM.jpg
SF275974,False,bath_ftjqFgBR7oI.jpg
SF275974,False,kit_cfNXvIrsbhM.jpg
SF170151,True,sfh_NmVnsp13JYc.jpg
SF170151,False,bath_hTyek4FccJM.jpg
SF170151,False,kit_d4ULeg3YXZM.jpg
SF303575,True,condo_fAbPOvMJgPA.jpg
SF303575,False,bath_iXpuwXVuz8E.jpg
SF303575,False,kit_e4HlK1TPG9A.jpg
SF293789,True,condo_iUjIiP0sMTs.jpg
SF293789,False,bath_iXtriAA5HWk.jpg
SF293789,False,kit_eEkAqh5L4h0.jpg
SF148632,True,ths_Jo2bCJgitPE.jpg
SF148632,False,bath_lWqmnx1DUSk.jpg
SF148632,False,kit_e_J73qui2bo.jpg
SF376030,True,sfh_O7Dpx2avGyw.jpg
SF376030,False,bath_lhIOmjqf728.jpg
SF376030,False,kit_ghHkI5gS6os.jpg
SF981774,True,condo_kx-gbP7lMak.jpg
SF981774,False,bath_lq8FnmruSjo.jpg
SF981774,False,kit_hEqrwusR3Yo.jpg
SF756091,True,condo_l6u4GIKvxBs.jpg
SF756091,False,bath_m78oBvRHBm0.jpg
SF756091,False,kit_hNKl4PQNVNo.jpg
SF716705,True,sfh_SQ3iMGteT6s.jpg
SF716705,False,bath_mCWgrZS9p8g.jpg
SF716705,False,kit_hmz7nC5mEu4.jpg
SF503277,True,sfh_Se9N2dUOvMY.jpg
SF503277,False,bath_n885FXAq1Bo.jpg
SF503277,False,kit_iMZRBxo3hCs.jpg
SF111698,True,ths_KjNvwujW58w.jpg
SF111698,False,bath_nDERc229LpE.jpg
SF111698,False,kit_iUjIiP0sMTs.jpg
SF282557,True,ths_Mgq3t1HyDWU.jpg
SF282557,False,bath_odhBaZK4eA0.jpg
SF282557,False,kit_j6QSUeiW6vo.jpg
SF870709,True,condo_lLDh9JppH2c.jpg
SF870709,False,bath_p9A8tpM93Hk.jpg
SF870709,False,kit_kDm04owPPEY.jpg
SF460894,True,condo_mw_mj-noYHM.jpg
SF460894,False,bath_rodWEAfiJaY.jpg
SF460894,False,kit_kF3KNcoXQXY.jpg
SF327962,True,sfh_ShMXVbvoaOo.jpg
SF327962,False,bath_tTWCj9QyyVE.jpg
SF327962,False,kit_lGEdX8UjA9k.jpg
SF109201,True,sfh_TX6dBiMwBV0.jpg
SF109201,False,bath_thpj-Xk0Qjo.jpg
SF109201,False,kit_lR7Zi4bEw1o.jpg
SF984514,True,mfh_9Mt_7Iq5_2Q.jpg
SF984514,False,bath_tvtmoa6_rJE.jpg
SF984514,False,kit_mDc0WtyqMrk.jpg
SF655855,True,mfh_BPcIp3beEm0.jpg
SF655855,False,bath_uqWsLAr2dwE.jpg
SF655855,False,kit_mgykRhBYM30.jpg
SF111548,True,condo_n9CzpBTNElo.jpg
SF111548,False,bath_uuHm2UOHRvk.jpg
SF111548,False,kit_n8PYmwR6hf4.jpg
SF850886,True,sfh_W3pXpFeDxjo.jpg
SF850886,False,bath_vF56dydV4FA.jpg
SF850886,False,kit_o-uPDNNSsDA.jpg
SF379286,True,sfh_WvkEiDEMshM.jpg
SF379286,False,bath_vFU5eLArJmM.jpg
SF379286,False,kit_otjzoLhzB4o.jpg
SF636628,True,condo_oMB1rr7j-H8.jpg
SF636628,False,bath_vYUkbsJ-Aq4.jpg
SF636628,False,kit_sTy-Qs0dZsA.jpg
SF911498,True,sfh_XFQuzV6WXls.jpg
SF911498,False,bath_vkIgPbAIcoE.jpg
SF911498,False,kit_szG9kzMLcPE.jpg
SF151376,True,ths_NTaF5rBmlyE.jpg
SF151376,False,bath_w8FEsHwwL10.jpg
SF151376,False,kit_tqksyXLp2mI.jpg
SF846760,True,ths_Q2wnJyyQpEs.jpg
SF846760,False,bath_wCY8cjzVUAM.jpg
SF846760,False,kit_uGak0qtrphM.jpg
SF913722,True,sfh_YRjJsGRIUeM.jpg
SF913722,False,bath_yKqF8nuKPH8.jpg
SF913722,False,kit_wN9xVhSXi_w.jpg
SF258418,True,condo_rYBjSLwrfdU.jpg
SF258418,False,bath_yb9b2wbhxG4.jpg
SF258418,False,kit_wWEQUGmbBrE.jpg
SF208446,True,condo_szG9kzMLcPE.jpg
SF208446,False,bath_yzuwRu_X6Dg.jpg
SF208446,False,kit_waqb5i0NrX8.jpg
SF342286,True,condo_tHkJAMcO3QE.jpg
SF342286,False,bath_zBX1enOFfig.jpg
SF342286,False,kit_wnAuOZeYrzI.jpg
SF880518,True,condo_u-RIsXlI8Q8.jpg
SF880518,False,bath_zYIUp9jf6nI.jpg
SF880518,False,kit_wpa4PI1DT_A.jpg
SF625488,True,sfh_YlgnN7zVQts.jpg
SF625488,False,bath_zp4pRAzc9Rs.jpg
SF625488,False,kit_x1cPojx3CNs.jpg
SF939003,True,condo_vz9IbCAXHKQ.jpg
SF939003,False,bath_zynOgAH8tAg.jpg
SF939003,False,kit_x64WAw1TIcQ.jpg
